Position,Company,Location,URL
라인프렌즈 2022년 각 부문 수시의 전체 세부 정보,라인프렌즈,서울 용산구,https://kr.indeed.com/rc/clk?jk=1015284880e2ff62&fccid=b6f22bcb6078a2c4&vjs=3
AI 영상처리 알고리즘 개발자의 전체 세부 정보,에스케이텔레콤,성남 분당구,https://kr.indeed.com/rc/clk?jk=d2b4fb4e11a672d9&fccid=ce2f0f28b40a5be8&vjs=3
Computer Vision Engineer의 전체 세부 정보,에스케이텔레콤,서울 종로구,https://kr.indeed.com/rc/clk?jk=218abedd7afd1346&fccid=ce2f0f28b40a5be8&vjs=3
[Data] 데이터 엔지니어 (플랫폼)의 전체 세부 정보,한국카카오은행,성남 분당구,https://kr.indeed.com/rc/clk?jk=b3e849c22a37e611&fccid=aea6a13a3459fdb2&vjs=3
[Data] 분석 데이터 엔지니어의 전체 세부 정보,한국카카오은행,성남 분당구,https://kr.indeed.com/rc/clk?jk=ebf3b3cab8333419&fccid=aea6a13a3459fdb2&vjs=3
ETF운용팀 (신입사원-대리급)의 전체 세부 정보,신한자산운용,대한민국,https://kr.indeed.com/rc/clk?jk=0a7d793321e65446&fccid=d93d518e8dbb7037&vjs=3
[Data] 데이터웨어하우스 운영 담당자의 전체 세부 정보,한국카카오은행,성남 분당구,https://kr.indeed.com/rc/clk?jk=c689e743fca21b2f&fccid=aea6a13a3459fdb2&vjs=3
전남 ICT이노베이션스퀘어 인공지능 교육생 (7기)의 전체 세부 정보,한국정보기술서비스산업협회,서울,https://kr.indeed.com/rc/clk?jk=89babd6062cd969e&fccid=21e7cb4036a655e0&vjs=3
[정규직] 2022년 소프트웨어 연구개발 신입/경력 사원의 전체 세부 정보,스카이시스,울산 북구,https://kr.indeed.com/rc/clk?jk=9f50e72b1130520d&fccid=c182093a93404981&vjs=3
[Cloud] Kubernetes Engineer의 전체 세부 정보,한국카카오은행,성남 분당구,https://kr.indeed.com/rc/clk?jk=6c54a16e72301957&fccid=aea6a13a3459fdb2&vjs=3
한국필립모리스 2022년 상반기 수시의 전체 세부 정보,한국필립모리스㈜,서울 영등포구,https://kr.indeed.com/rc/clk?jk=44e9ac7f0f94e784&fccid=fb7e65f74b012d18&vjs=3
[신용리스크모델링] 개인/개인사업자 신용평가모형 개발 및 운영 담당자의 전체 세부 정보,한국카카오은행,성남 분당구,https://kr.indeed.com/rc/clk?jk=b7128e1a15428f4b&fccid=aea6a13a3459fdb2&vjs=3
[Cloud] 클라우드 엔지니어의 전체 세부 정보,한국카카오은행,성남 분당구,https://kr.indeed.com/rc/clk?jk=a6c35b29cdaef9f5&fccid=aea6a13a3459fdb2&vjs=3
[클라우드시스템엔지니어링] 시스템 엔지니어 영입의 전체 세부 정보,카카오엔터프라이즈,성남 분당구,https://kr.indeed.com/rc/clk?jk=64cf858fd8d27c42&fccid=e19aa33fc391b310&vjs=3
[무료교육/연계] 클라우드 기반 스마트융합보안 과정 SK쉴더스 루키즈 10기의 전체 세부 정보,에스케이쉴더스,서울,https://kr.indeed.com/rc/clk?jk=e48494b430c1d8b3&fccid=eb364ecce5dfad88&vjs=3
[11번가] 클라우드 엔지니어의 전체 세부 정보,십일번가,서울 중구,https://kr.indeed.com/rc/clk?jk=c097b17dad2fbf93&fccid=54911ff2dce6c429&vjs=3
[데이터/마케팅/IT개발] 일반직(경력) 상시의 전체 세부 정보,한국평가데이터,서울 영등포구,https://kr.indeed.com/rc/clk?jk=15c7509b65eaa6e6&fccid=7936dc2e7d11e91f&vjs=3
[FrontEnd] 웹서비스 프론트엔드 개발자의 전체 세부 정보,한국카카오은행,성남 분당구,https://kr.indeed.com/rc/clk?jk=48641f82ffd3fd2c&fccid=aea6a13a3459fdb2&vjs=3
응용소프트웨어[인공지능(AI)  Python 등] 신입/경력 정규직의 전체 세부 정보,쿠노소프트,서울 성북구,https://kr.indeed.com/rc/clk?jk=2bc8b58abe63d404&fccid=f2fc7b11fc1dd68f&vjs=3
파이썬 백엔드 개발자 (Python Backend Engineer)의 전체 세부 정보,휴레이포지티브,서울 강남구,https://kr.indeed.com/rc/clk?jk=730d15c6dd640481&fccid=9f7671105b7ffbe3&vjs=3
[SRE] 오픈소스 서비스 엔지니어의 전체 세부 정보,한국카카오은행,성남 분당구,https://kr.indeed.com/rc/clk?jk=61421993b3329d45&fccid=aea6a13a3459fdb2&vjs=3
NAVER  LINE 서비스 플랫폼 운영의 전체 세부 정보,엔아이티서비스,성남 분당구,https://kr.indeed.com/rc/clk?jk=ce842726ea136440&fccid=d389f1042b660837&vjs=3
솔루션 기반 프로그래머(java  c#  python)의 전체 세부 정보,솔브리드플러스,서울 금천구,https://kr.indeed.com/rc/clk?jk=25dfbc8203b21947&fccid=5d8bbb5b9944cc27&vjs=3
업계 최고 대우로 파이썬(Python) 개발자의 전체 세부 정보,쿼드마이너,서울 강남구,https://kr.indeed.com/rc/clk?jk=42a26d7138ea5864&fccid=4689e54333c19a95&vjs=3
[신입] 위대한 Rookies 5기 (Python/Backend Developer)의 전체 세부 정보,위대한상상,서울 서초구,https://kr.indeed.com/rc/clk?jk=215ee623b7478042&fccid=e8cc3946292de49a&vjs=3
AI 영상처리 Serving 시스템 개발자의 전체 세부 정보,에스케이텔레콤,성남 분당구,https://kr.indeed.com/rc/clk?jk=11deb018d1164440&fccid=ce2f0f28b40a5be8&vjs=3
전문연구요원 (병역특례) 수시 (AI / HW 분야)의 전체 세부 정보,딥엑스,성남 분당구,https://kr.indeed.com/rc/clk?jk=78e99625e5de3c95&fccid=e34932b8232a173b&vjs=3
[R&D] 딥러닝 엔지니어의 전체 세부 정보,한국카카오은행,성남 분당구,https://kr.indeed.com/rc/clk?jk=abf7474c591f3f7f&fccid=aea6a13a3459fdb2&vjs=3
Data Engineer의 전체 세부 정보,위대한상상,서울 서초구,https://kr.indeed.com/rc/clk?jk=ca7437c7ff4d619b&fccid=e8cc3946292de49a&vjs=3
게임 데이터 서비스/플랫폼 개발의 전체 세부 정보,NHN,성남 판교역,https://kr.indeed.com/rc/clk?jk=028f37ec9f6509a9&fccid=a72ebaf825acf7af&vjs=3
Search Data Platform Engineer 영입의 전체 세부 정보,카카오페이,성남 분당구,https://kr.indeed.com/rc/clk?jk=4024219bbfb23e5e&fccid=c3aa6121be03065c&vjs=3
HPC Engineer (Team Lead)의 전체 세부 정보,Altair Engineering,경기도 성남,https://kr.indeed.com/rc/clk?jk=afd18c1d3e06b7d6&fccid=3453268f43beb582&vjs=3
(주)네오위드넷 병역특례(보충역) 소프트웨어 개발자의 전체 세부 정보,네오위드넷,성남 수정구,https://kr.indeed.com/rc/clk?jk=5e52b53f6be0ac62&fccid=1e52e50673979f4e&vjs=3
Backend Developer (Python/Senior/6년이상)의 전체 세부 정보,위대한상상,서울 서초구,https://kr.indeed.com/rc/clk?jk=fc654a7e06cbf028&fccid=e8cc3946292de49a&vjs=3
자율 주행  로봇 SW 개발자의 전체 세부 정보,에바,성남 수정구,https://kr.indeed.com/rc/clk?jk=e30fe92d72ceb17c&fccid=5cc87f5890bd7170&vjs=3
개발자(PHP/Python/My SQL 등)의 전체 세부 정보,펫이지,서울 종로구,https://kr.indeed.com/rc/clk?jk=e2a0a47c157e5c65&fccid=156bb0350f6796cc&vjs=3
2022년 ICT이노베이션스퀘어사업 인공지능 지식과 기초 과정의 전체 세부 정보,재단법인 한국에이아이블록체인융합원,경상남도,https://kr.indeed.com/rc/clk?jk=45041ab8e1a55368&fccid=f05769bef089cf29&vjs=3
Software Developer for MBUX Navigation Online Services의 전체 세부 정보,Mercedes-Benz Korea Limited,서울,https://kr.indeed.com/rc/clk?jk=703729b8f457fc42&fccid=b25343f021fb51d7&vjs=3
GIS Engineer Offshore (KR) RWE Renewables Korea의 전체 세부 정보,RWE Renewables Korea LLC,서울,https://kr.indeed.com/rc/clk?jk=2742a2a8f661467c&fccid=169d4d0de76b0575&vjs=3
[11번가] 리테일 11번가 상품 Selection Analyst의 전체 세부 정보,십일번가,서울 중구,https://kr.indeed.com/rc/clk?jk=415de8ea86f88c36&fccid=54911ff2dce6c429&vjs=3
자산운용팀 전략/리스크팀 퀀트(겨울방학 인턴)의 전체 세부 정보,마이퍼스트에셋자산운용,대한민국,https://kr.indeed.com/rc/clk?jk=872035f47cfd4850&fccid=e26f0428e52f0752&vjs=3
Python 기반 빅데이터 처리 개발자의 전체 세부 정보,드림어스컴퍼니,서울 서초구,https://kr.indeed.com/rc/clk?jk=d364360d1e0368e3&fccid=d5dc18a57ad82f07&vjs=3
[그로스마케팅] 그로스마케팅 담당자의 전체 세부 정보,한국카카오은행,성남 분당구,https://kr.indeed.com/rc/clk?jk=da34d167eab33f11&fccid=aea6a13a3459fdb2&vjs=3
Vision AI 전문가의 전체 세부 정보,에스케이텔레콤,서울 중구,https://kr.indeed.com/rc/clk?jk=0ae330e9e800f9a6&fccid=ce2f0f28b40a5be8&vjs=3
[한국전기안전공사] 2022년 하반기 경력직의 전체 세부 정보,한국전기안전공사,전라북도 완주,https://kr.indeed.com/rc/clk?jk=1e81440aa0ed276a&fccid=ba35eb7d48548b2d&vjs=3
[외국계 스타트업 미소] Business Analyst Intern (정규직 전환형)의 전체 세부 정보,유한회사 미소,서울,https://kr.indeed.com/rc/clk?jk=4c25d6649f8434a8&fccid=02936474a8d39137&vjs=3
연구소 R&D 인프라 운영의 전체 세부 정보,안랩,성남 분당구,https://kr.indeed.com/rc/clk?jk=5fe21ceab5a3ce0b&fccid=0b88b2af6686dd2b&vjs=3
[NAVER Cloud] 시스템 엔지니어의 전체 세부 정보,네이버클라우드,성남 분당구,https://kr.indeed.com/rc/clk?jk=75dc525f15f4c03a&fccid=54815931228b42c0&vjs=3
인공지능(딥러닝) 로봇 자동화 소프트웨어 개발자(Python우대)의 전체 세부 정보,주식회사 토트 관심기업,서울 성수동1가,https://kr.indeed.com/rc/clk?jk=058e9510f9548e49&fccid=bc605d141ca9f67d&vjs=3
Data Scientist의 전체 세부 정보,위대한상상,서울 서초구,https://kr.indeed.com/rc/clk?jk=f542fd8d59d1ee01&fccid=e8cc3946292de49a&vjs=3
Software Engineer의 전체 세부 정보,GE Healthcare,경기도 성남,https://kr.indeed.com/rc/clk?jk=13b675c6f73ff110&fccid=65b5f2aba4dbd31f&vjs=3
[Data] 백엔드 소프트웨어 엔지니어의 전체 세부 정보,한국카카오은행,성남 분당구,https://kr.indeed.com/rc/clk?jk=5ba1b26ae11c7184&fccid=aea6a13a3459fdb2&vjs=3
2022년 상반기 주식회사 쏘마 전 개발 직군 (백엔드  프론트엔드 외 신입/경력 정규직)의 전체 세부 정보,쏘마,성남 분당구,https://kr.indeed.com/rc/clk?jk=13ef6f86810c0843&fccid=a3463f311ce6421e&vjs=3
UX Researcher의 전체 세부 정보,LINE Plus corporation,대한민국,https://kr.indeed.com/rc/clk?jk=23dba89edb8a10d9&fccid=e90e80bc9ed9a53f&vjs=3
[인텔리전스랩스] UX Researcher / UX분석가 (경험 전략 기획)의 전체 세부 정보,Nexon,경기도 성남,https://kr.indeed.com/rc/clk?jk=99335196bbc73520&fccid=aba87288e4cc3687&vjs=3
[TmaxGroup/OS] OS 연구원의 전체 세부 정보,티맥스소프트,성남 분당구,https://kr.indeed.com/rc/clk?jk=dae7e47c7da3ecc7&fccid=445576e2a7ced0d6&vjs=3
AI 모빌리티 서비스의 미래 함께 열어갈 우수한 인재 찾습니다.의 전체 세부 정보,라온로드,성남 분당구,https://kr.indeed.com/rc/clk?jk=5133adebeb209d23&fccid=3f9a516642f6114a&vjs=3
English Data Linguist for AI Startup의 전체 세부 정보,MIND AI INC,서울 중구,https://kr.indeed.com/company/JNP-LAB/jobs/English-Data-Linguist-Ai-Startup-6838a87dfaacc92f?fccid=5cde252d550394d2&vjs=3
Machine Learning Researcher (Computer Vision)의 전체 세부 정보,BOEING,서울,https://kr.indeed.com/rc/clk?jk=5086b5e5634ebf05&fccid=edae4285faf6c2f0&vjs=3
클라우드 기술지원 엔���니어의 전체 세부 정보,NHN Enterprise,성남 판교역,https://kr.indeed.com/rc/clk?jk=df0bb90702bee2ac&fccid=a72ebaf825acf7af&vjs=3
[한국무역정보통신] 신입직원(사업/ICT)의 전체 세부 정보,한국무역정보통신,성남 분당구,https://kr.indeed.com/rc/clk?jk=a30722efde28a292&fccid=cdea56c0104d3485&vjs=3
[신입/경력] 인프라 엔지니어의 전체 세부 정보,구름,성남 분당구,https://kr.indeed.com/rc/clk?jk=c016fc497739f7cc&fccid=93116efd0859e0ce&vjs=3
언어이해(NLU) 기술 전문가의 전체 세부 정보,에스케이텔레콤,서울 종로구,https://kr.indeed.com/rc/clk?jk=4418703a69ee8e61&fccid=ce2f0f28b40a5be8&vjs=3
교통대 AI교육 고급과정(이론&실전프로젝트) 교육생의 전체 세부 정보,한국교통대학교,충청북도 충주,https://kr.indeed.com/rc/clk?jk=8cbfc3592ee95cf7&fccid=c311bda031f08d3d&vjs=3
[포티투마루] 인공지능(AI) 챗봇사업부 전 직군의 전체 세부 정보,포티투마루,서울 서초구,https://kr.indeed.com/rc/clk?jk=a92b737cbbdf425f&fccid=b6cebf2e7d619f07&vjs=3
[글로벌디지털마케팅] Python Backend Engineer 정규직의 전체 세부 정보,콘센트릭스서비스코리아,서울 용산구,https://kr.indeed.com/rc/clk?jk=67def202b8c35365&fccid=7789b87d5d996c4a&vjs=3
딥엑스 NPU SDK (DXNN) 개발 엔지니어의 전체 세부 정보,딥엑스,성남 분당구,https://kr.indeed.com/rc/clk?jk=8e91aa6c93de1790&fccid=e34932b8232a173b&vjs=3
[2022 하반기 2차] 신입 공개 SW 컨설턴트 ( 기간 연장)의 전체 세부 정보,파수,서울 마포구,https://kr.indeed.com/rc/clk?jk=8daa9b8b8d9539b7&fccid=6de9ce9e1182943d&vjs=3
[네이버계열사][NIT Service] 네이버 파이낸셜 플랫폼 운영의 전체 세부 정보,엔아이티서비스,성남 분당구,https://kr.indeed.com/rc/clk?jk=f77f9abb42c655b7&fccid=d389f1042b660837&vjs=3
금융 AI 연구 개발자 모집의 전체 세부 정보,엔씨소프트,성남 판교역,https://kr.indeed.com/rc/clk?jk=ab1b9cb1b15802b2&fccid=a1e4e21b1f33cf40&vjs=3
Customer Engineer  Data Analytics  Google Cloud의 전체 세부 정보,Google,서울,https://kr.indeed.com/rc/clk?jk=4800ed0bd1febca9&fccid=a5b4499d9e91a5c6&vjs=3
SCM혁신 신입/경력 사원 공개채용의 전체 세부 정보,유한킴벌리,서울 신천동,https://kr.indeed.com/rc/clk?jk=c759fe51adbc3ea1&fccid=b946e043e6327409&vjs=3
[2022신입공채] AI R&D - Language AI의 전체 세부 정보,엔씨소프트,성남 판교역,https://kr.indeed.com/rc/clk?jk=e07526c75a65756d&fccid=a1e4e21b1f33cf40&vjs=3
웹개발자(jsp python 개발가능자).의 전체 세부 정보,클립데이터,전라남도 나주,https://kr.indeed.com/rc/clk?jk=57b40176362d119d&fccid=dd616958bd9ddc12&vjs=3
로봇 응용 SW 개발자 (제어시스템개발팀)의 전체 세부 정보,클로봇,성남 분당구,https://kr.indeed.com/rc/clk?jk=c511ed24e70b0457&fccid=bacbf86a93a05796&vjs=3
Senior Full Stack Engineer (Node.js  Python),Weflow,Europe Only,https://weworkremotely.com//remote-jobs/weflow-senior-full-stack-engineer-node-js-python
Senior Open Source Developer & DevOps (Python  Django  React  AWS/OpenStack),OpenCraft,Anywhere in the World,https://weworkremotely.com//remote-jobs/opencraft-senior-open-source-developer-devops-python-django-react-aws-openstack
Senior Python Engineer: Long-term job - 100% remote,Proxify AB,Anywhere in the World,https://weworkremotely.com//remote-jobs/proxify-ab-senior-python-engineer-long-term-job-100-remote
(Senior) Python Full Stack Software Developer,Optimile,Europe Only,https://weworkremotely.com//remote-jobs/optimile-senior-python-full-stack-software-developer
Python / PHP Senior Developer for Ambitious Startup,Soundsnap/ Beatopia,Europe Only,https://weworkremotely.com//remote-jobs/soundsnap-beatopia-python-php-senior-developer-for-ambitious-startup
Senior Software Engineer  Python,AssemblyAI (YC 17),Anywhere in the World,https://weworkremotely.com//remote-jobs/assemblyai-yc-17-senior-software-engineer-python
Senior Software Engineer - Python / Django,CloudTruth,Anywhere in the World,https://weworkremotely.com//remote-jobs/cloudtruth-senior-software-engineer-python-django
Senior Python Developer - Full Remote ,Ebury,Latin America Only/Europe Only,https://weworkremotely.com//remote-jobs/ebury-senior-python-developer-full-remote-1
Python Developer - Remote,UpStack Technologies  Inc.,Americas Only/Europe Only,https://weworkremotely.com//remote-jobs/upstack-technologies-inc-python-developer-remote
Python Developer,Lemon.io,Latin America Only/Europe Only,https://weworkremotely.com//remote-jobs/lemon-io-python-developer-1
Python Platform Engineer,Doximity,Americas Only,https://weworkremotely.com//remote-jobs/doximity-python-platform-engineer
Backend Engineer - Integrations (Python),Cerity Partners LLC,USA Only,https://weworkremotely.com//remote-jobs/cerity-partners-llc-backend-engineer-integrations-python
Senior Python Engineer,Clevertech,Anywhere in the World,https://weworkremotely.com//remote-jobs/clevertech-senior-python-engineer-4
Backend engineer - data ingestion (Python  remote),Gridium,,https://weworkremotely.com//listings/gridium-backend-engineer-data-ingestion-python-remote-1
