Column1,Column2,Column3,Column4
Position,Company,Location,URL
[FrontEnd] 웹서비스 프론트엔드 개발자의 전체 세부 정보,한국카카오은행,성남 분당구,https://kr.indeed.com/rc/clk?jk=48641f82ffd3fd2c&fccid=aea6a13a3459fdb2&vjs=3
핀테크 플랫폼 개발의 전체 세부 정보,NHN PAYCO,성남 판교역,https://kr.indeed.com/rc/clk?jk=ed092cebbdf903d9&fccid=a72ebaf825acf7af&vjs=3
Web Frontend개발의 전체 세부 정보,현대카드 캐피탈,서울 영등포구,https://kr.indeed.com/rc/clk?jk=a65243a1d192b5c6&fccid=fcc6d6b229369ff5&vjs=3
[NAVER Z] React 웹 프론트엔드 개발자의 전체 세부 정보,네이버제트,성남 분당구,https://kr.indeed.com/rc/clk?jk=af1480274a44bf1f&fccid=bc34e4450e078d19&vjs=3
(주) 패스트림 React 웹 개발자의 전체 세부 정보,패스트림,서울 서초구,https://kr.indeed.com/rc/clk?jk=ccce757f9470d07d&fccid=e9d4861e38b26c44&vjs=3
Software Engineer  New Product Experimentation의 전체 세부 정보,Meta,서울,https://kr.indeed.com/rc/clk?jk=bf7bf53f892557fb&fccid=ba07516c418dda52&vjs=3
CERT_원격관제 & 개발자 (채용시 마감)의 전체 세부 정보,안랩,성남 분당구,https://kr.indeed.com/rc/clk?jk=c8169079d5df0feb&fccid=0b88b2af6686dd2b&vjs=3
[TmaxGroup/FOCUS] AI 빅데이터분석플랫폼 연구원의 전체 세부 정보,티맥스소프트,성남 분당구,https://kr.indeed.com/rc/clk?jk=80b727ace46c254a&fccid=445576e2a7ced0d6&vjs=3
ICT개발 담당직원의 전체 세부 정보,오메가포인트,서울 서초구,https://kr.indeed.com/rc/clk?jk=2fc9b5f6db4650e3&fccid=f5a5de8b5fd896f1&vjs=3
Frontend 개발자의 전체 세부 정보,뷰노코리아,서울 서초구,https://kr.indeed.com/rc/clk?jk=53138a7d2c0e7ad4&fccid=282d63dcd74d554d&vjs=3
Field Service Engineer의 전체 세부 정보,Veeco,경기도,https://kr.indeed.com/rc/clk?jk=2eba7bd70481754d&fccid=0b051c1080005e4c&vjs=3
[TmaxGroup/OS] OS 연구원의 전체 세부 정보,티맥스소프트,성남 분당구,https://kr.indeed.com/rc/clk?jk=dae7e47c7da3ecc7&fccid=445576e2a7ced0d6&vjs=3
[톡FE파트/FE플랫폼팀] 프론트엔드 개발자 모집의 전체 세부 정보,카카오,성남 판교역,https://kr.indeed.com/rc/clk?jk=96e73b754354f3ad&fccid=32b9af632cf3b9f9&vjs=3
AI 모빌리티 서비스의 미래 함께 열어갈 우수한 인재 찾습니다.의 전체 세부 정보,라온로드,성남 분당구,https://kr.indeed.com/rc/clk?jk=5133adebeb209d23&fccid=3f9a516642f6114a&vjs=3
[신입/경력] 풀스택 개발자의 전체 세부 정보,구름,성남 분당구,https://kr.indeed.com/rc/clk?jk=6ace0592f31a665b&fccid=93116efd0859e0ce&vjs=3
Developer / Designer recruit의 전체 세부 정보,마이뮤직테이스트,서울 논현동,https://kr.indeed.com/rc/clk?jk=55a19c92c845685e&fccid=74d05cee5b52f133&vjs=3
써머스플랫폼 Front-end 개발자 (JS:Java Script Jquery Vue React)의 전체 세부 정보,써머스플랫폼,서울 금천구,https://kr.indeed.com/rc/clk?jk=c69f995d5dfbdea2&fccid=67e21be5af74f413&vjs=3
프론트엔드 신입 / 경력 개발자의 전체 세부 정보,와이즈텍,서울 용산구,https://kr.indeed.com/rc/clk?jk=ea99143338a319b7&fccid=8b01882cef0e8002&vjs=3
웹 프론트엔드( React) 개발자의 전체 세부 정보,쿼렌시스,서울 성동구,https://kr.indeed.com/rc/clk?jk=664adfb63189e24d&fccid=86898016f7b007c7&vjs=3
플레이어 개발의 전체 세부 정보,아프리카TV,경기도 성남,https://kr.indeed.com/rc/clk?jk=f172fb93d4cf8ff5&fccid=bc48816053af06b3&vjs=3
[놀아조]프론트엔드 개발자(React Native) 신입/경력 정규직의 전체 세부 정보,놀아조,서울,https://kr.indeed.com/rc/clk?jk=a9fcfc155b93dd2e&fccid=89cd76707c0e27fb&vjs=3
[신입/경력] 프론트엔드 개발 (html외2 부문 정규직 모집의 전체 세부 정보,(주)원더온 관심기업,서울 성수동1가,https://kr.indeed.com/rc/clk?jk=56e6e827298d33b6&fccid=62a316a4088ad7de&vjs=3
Web 교육 컨텐츠 제작자의 전체 세부 정보,엘리스,서울 강남구,https://kr.indeed.com/rc/clk?jk=23946da0cee5bf76&fccid=b00d4b329a5fe2ac&vjs=3
카카오 사용자 인터랙션 연구 개발의 전체 세부 정보,카카오,성남 판교역,https://kr.indeed.com/rc/clk?jk=0ca5a9b1ac697fb3&fccid=32b9af632cf3b9f9&vjs=3
e스포츠 서비스 프론트엔드 개발의 전체 세부 정보,아프리카TV,경기도 성남,https://kr.indeed.com/rc/clk?jk=a6dfac51b91c3b8f&fccid=bc48816053af06b3&vjs=3
모바일앱 개발자의 전체 세부 정보,민트소프트,경상북도 구미,https://kr.indeed.com/rc/clk?jk=5eef2a169c4fdb36&fccid=b8b0c3b45fff91c9&vjs=3
Jr. Frontend Developer (3년 이상)의 전체 세부 정보,위대한상상,서울 서초구,https://kr.indeed.com/rc/clk?jk=37640dae0f431b57&fccid=e8cc3946292de49a&vjs=3
Front-End 개발자 모집의 전체 세부 정보,엔씨소프트,성남 판교역,https://kr.indeed.com/rc/clk?jk=4185a3957726012c&fccid=a1e4e21b1f33cf40&vjs=3
게임 웹사이트 프론트엔드 개발의 전체 세부 정보,NHN,성남 판교역,https://kr.indeed.com/rc/clk?jk=410349d5ec9552be&fccid=a72ebaf825acf7af&vjs=3
[TmaxGroup/AI] 프론트엔드 연구원(*전문연구요원 병역특례포함)의 전체 세부 정보,티맥스소프트,성남 분당구,https://kr.indeed.com/rc/clk?jk=7bff51d9bdc459e5&fccid=445576e2a7ced0d6&vjs=3
플랫폼 개발-프론트앤드 개발자의 전체 세부 정보,띵스파이어,서울 영등포구,https://kr.indeed.com/rc/clk?jk=f0a8c8881599d2d2&fccid=01368044e18e491c&vjs=3
[TmaxGroup/FOCUS] SuperCompany SaaS 연구원의 전체 세부 정보,티맥스소프트,성남 분당구,https://kr.indeed.com/rc/clk?jk=666e3afb36cf8b77&fccid=445576e2a7ced0d6&vjs=3
백엔드 웹 개발자 Back-end Developer의 전체 세부 정보,인텔리코리아,서울 금천구,https://kr.indeed.com/rc/clk?jk=ee1802a0cf57d159&fccid=16ab77ef5888e778&vjs=3
서비스 통합 멤버쉽 개발 및 유지보수의 전체 세부 정보,아프리카TV,경기도 성남,https://kr.indeed.com/rc/clk?jk=61f0257f340eba4c&fccid=bc48816053af06b3&vjs=3
DB Engineer 모집의 전체 세부 정보,카카오,성남 판교역,https://kr.indeed.com/rc/clk?jk=9d2eee513761aded&fccid=32b9af632cf3b9f9&vjs=3
Asia Region Business Development Manager의 전체 세부 정보,RINA,서울,https://kr.indeed.com/rc/clk?jk=a0f4c33a2f4fe3d2&fccid=b8b0cc208d50b31f&vjs=3
2022년 상반기 백엔드 개발자의 전체 세부 정보,반달소프트,성남 분당구,https://kr.indeed.com/rc/clk?jk=1601f1bfe3302af5&fccid=f35f7fc5e918087a&vjs=3
(주)메인라인과 함께하실 React 개발자의 전체 세부 정보,메인라인,서울 마포구,https://kr.indeed.com/rc/clk?jk=a220511bae897510&fccid=924e3f7a88560070&vjs=3
글로벌 서비스 프론트엔드 개발의 전체 세부 정보,아프리카TV,경기도 성남,https://kr.indeed.com/rc/clk?jk=49336518f499e18e&fccid=bc48816053af06b3&vjs=3
SOFTWARE ENGINEER - FRONTEND의 전체 세부 정보,ODK Media  Inc.,서울,https://kr.indeed.com/rc/clk?jk=463c61239617b013&fccid=3b1901acc774c742&vjs=3
커머스 플랫폼 개발자 (프론트엔드 - JavaScript  React)의 전체 세부 정보,컬리,서울 강남구,https://kr.indeed.com/rc/clk?jk=88e72a2160248769&fccid=84f556ede0522ba3&vjs=3
React Native Developer의 전체 세부 정보,Toss,서울,https://kr.indeed.com/rc/clk?jk=9479b6a8a43d32f0&fccid=18c4935c8ec646d5&vjs=3
플랫폼 프론트엔드 개발자 (React)를 모십니다.의 전체 세부 정보,(주)휴톰 관심기업,서울 대흥동,https://kr.indeed.com/rc/clk?jk=68fa2e8f6b62e92a&fccid=667cf6cbd3cba549&vjs=3
스팸 및 어뷰징 분석/대응(서버개발  머신러닝)의 전체 세부 정보,카카오,성남 판교역,https://kr.indeed.com/rc/clk?jk=8e8514f7d5b659f6&fccid=32b9af632cf3b9f9&vjs=3
비즈개발실 서버 개발자 모집의 전체 세부 정보,카카오,성남 판교역,https://kr.indeed.com/rc/clk?jk=27d4640b1b31ffd6&fccid=32b9af632cf3b9f9&vjs=3
프론트엔드  백엔드  딥러닝  풀스택 개발자 /경력자우대  능력급여의 전체 세부 정보,아이디어 콘서트,성남 수정구,https://kr.indeed.com/rc/clk?jk=c1ee85abf9958284&fccid=ae62183ef031b8f1&vjs=3
[TmaxGroup/Commerce] Commerce 연구원의 전체 세부 정보,티맥스소프트,성남 분당구,https://kr.indeed.com/rc/clk?jk=66d2f17901c63733&fccid=445576e2a7ced0d6&vjs=3
[카카오 클라우드] 쿠버네티스 플랫폼 개발자 모집의 전체 세부 정보,카카오,성남 판교역,https://kr.indeed.com/rc/clk?jk=f80533a2360037a5&fccid=32b9af632cf3b9f9&vjs=3
2022년 상반기 프론트엔드 개발자의 전체 세부 정보,반달소프트,성남 분당구,https://kr.indeed.com/rc/clk?jk=9d159f96dc2b5683&fccid=f35f7fc5e918087a&vjs=3
[IN] React Front-end Engineer의 전체 세부 정보,올거나이즈코리아,서울 강남구,https://kr.indeed.com/rc/clk?jk=5c79247732d20cb4&fccid=707decd4d5b2755e&vjs=3
프론트엔드 엔지니어(React) - 경력 2년 이상의 전체 세부 정보,퍼블리,서울 강남구,https://kr.indeed.com/rc/clk?jk=5abe0c3107a95d67&fccid=2949a9e16216f028&vjs=3
[TmaxGroup/Office] SuperApp 개발플랫폼 연구원의 전체 세부 정보,티맥스소프트,성남 분당구,https://kr.indeed.com/rc/clk?jk=920a104e53432d39&fccid=445576e2a7ced0d6&vjs=3
보안개발(자동화) 담당자 모집의 전체 세부 정보,넷마블,서울 구로구,https://kr.indeed.com/rc/clk?jk=d8ede1205c7d2ec8&fccid=e696d83fde5c0f20&vjs=3
클라이언트 개발자 FrontEnd Developer의 전체 세부 정보,에스제이에이치스튜디오,서울 역삼동,https://kr.indeed.com/rc/clk?jk=4889d2814b462d35&fccid=b160cc3e023e1129&vjs=3
[NFT Metaverse Dept.] Server Programmer (신입 ~ 10년)의 전체 세부 정보,크래프톤,서울 서초구,https://kr.indeed.com/rc/clk?jk=5d08f6ad3f005245&fccid=0aeb279b74dee723&vjs=3
[BATTLEGROUNDS] Anti-Cheat 플랫폼 엔지니어 (2년 이상)의 전체 세부 정보,크래프톤,서울 서초구,https://kr.indeed.com/rc/clk?jk=b94b9714bcd33e3f&fccid=0aeb279b74dee723&vjs=3
China Correspondent의 전체 세부 정보,The New York Times,서울,https://kr.indeed.com/rc/clk?jk=a17e06c42b485b5a&fccid=1b50fcfb150b1b48&vjs=3
[팜모닝개발실] 안드로이드 개발의 전체 세부 정보,그린랩스,서울 송파구,https://kr.indeed.com/rc/clk?jk=8d346c16300c41b3&fccid=feeacbc1377594e2&vjs=3
JavaScript Front-end 개발자의 전체 세부 정보,블루가,성남 구미동,https://kr.indeed.com/rc/clk?jk=ac83131249d5d4ac&fccid=5d163da4d6a769d5&vjs=3
개발자 신입/경력 정규직의 전체 세부 정보,케이투시스템즈,서울 강남구,https://kr.indeed.com/rc/clk?jk=ec87475baedbb7b7&fccid=c6a7ea6cccd398b3&vjs=3
[다름] 웹퍼블리셔 정규직의 전체 세부 정보,다름,서울 금천구,https://kr.indeed.com/rc/clk?jk=e281b258d5c20f72&fccid=76c4a87bab7035e4&vjs=3
[BLUE Unit] Game Designer (2년 이상)의 전체 세부 정보,크래프톤,성남 분당구,https://kr.indeed.com/rc/clk?jk=b8d4aaa1c417b5b6&fccid=0aeb279b74dee723&vjs=3
2022년 상반기 신입및 경력사원의 전체 세부 정보,에어시그널,성남 수정구,https://kr.indeed.com/rc/clk?jk=28b9ef73c106cee5&fccid=abb2a830603ad128&vjs=3
Backend 개발자의 전체 세부 정보,스마트핏,부산 해운대구,https://kr.indeed.com/rc/clk?jk=aec3fbc963c6c033&fccid=b11c083458edf7a3&vjs=3
WebRTC UC & Collaboration Frontend & Backend Developer 신입/경력...의 전체 세부 정보,Ericsson,서울,https://kr.indeed.com/rc/clk?jk=c08cae7431100fc9&fccid=82656d64a9a3e6a7&vjs=3
Software Engineer의 전체 세부 정보,Applied Intuition,서울,https://kr.indeed.com/rc/clk?jk=df1bc71eb3ec0f30&fccid=00f9ae225292fb3a&vjs=3
팩토리 이노베이션[경력]의 전체 세부 정보,현대자동차그룹,서울 강남구,https://kr.indeed.com/rc/clk?jk=0c95aa0f196e41f3&fccid=980d6ecc399a3373&vjs=3
Frontend Developer  CLO-SET의 전체 세부 정보,CLO Virtual Fashion,서울,https://kr.indeed.com/rc/clk?jk=1356394af363c142&fccid=dca5e8b8952213a9&vjs=3
[Outlier] Frontend Developer의 전체 세부 정보,Krust Universe,서울,https://kr.indeed.com/rc/clk?jk=0d410175efef52d3&fccid=dd616958bd9ddc12&vjs=3
R&D 개발 신입 채용의 전체 세부 정보,연합인포맥스,서울 수송동,https://kr.indeed.com/rc/clk?jk=90fbc1c2488bed24&fccid=c0cba40e6676323a&vjs=3
[카카오커머스] 기술직군의 전체 세부 정보,카카오커머스,성남 분당구,https://kr.indeed.com/rc/clk?jk=2b9e604e63e7e46d&fccid=b1f5de6cae96f6c2&vjs=3
웹 프론트엔드 엔지니어 (Web Front-End Engineer)의 전체 세부 정보,뱅크샐러드,서울 영등포구,https://kr.indeed.com/rc/clk?jk=79b2deddd7a3b53a&fccid=35209469e1b8c72c&vjs=3
[UMM] AI Music Generator Platform Backend Developer의 전체 세부 정보,Krust Universe,서울,https://kr.indeed.com/rc/clk?jk=87d09bda7b863fe5&fccid=dd616958bd9ddc12&vjs=3
[강남/오라클컴퍼니] React/React Native 프론트엔드 개발자 공개의 전체 세부 정보,오라클컴퍼니,서울 강남구,https://kr.indeed.com/rc/clk?jk=964086440772969e&fccid=5d2d74872707c882&vjs=3
Frontend Developer의 전체 세부 정보,아우름플래닛,서울 마포구,https://kr.indeed.com/rc/clk?jk=2c424681fddd90dc&fccid=553095a190e81a86&vjs=3
산학겸임교사 NCS기반자격(SW개발 L3)의 전체 세부 정보,서울디지텍고등학교,서울 용산구,https://kr.indeed.com/rc/clk?jk=f1a50729e358ce84&fccid=9ea8eded6217950b&vjs=3
[인텔리전스랩스] 개인화개발팀 프론트엔드 개발자의 전체 세부 정보,Nexon,경기도 성남,https://kr.indeed.com/rc/clk?jk=d16cfc42a9a46a85&fccid=aba87288e4cc3687&vjs=3
[NAVER Z] Internal Service 웹 프론트엔드 개발자의 전체 세부 정보,네이버제트,성남 분당구,https://kr.indeed.com/rc/clk?jk=34bb5851951584f2&fccid=bc34e4450e078d19&vjs=3
카카오의 사회공헌 서비스를 만들어갈 FE 개발자 모집의 전체 세부 정보,카카오,성남 판교역,https://kr.indeed.com/rc/clk?jk=722a763a28605672&fccid=32b9af632cf3b9f9&vjs=3
[정규직 경력] 웹 응용프로그램 개발자의 전체 세부 정보,티파이브온라인,서울 금천구,https://kr.indeed.com/rc/clk?jk=a2dfcda682a4b41c&fccid=81a556cf6af7bb19&vjs=3
APRO 플랫폼 PHP 웹 개발의 전체 세부 정보,아프리카TV,경기도 성남,https://kr.indeed.com/rc/clk?jk=9753e4bd2079ffff&fccid=bc48816053af06b3&vjs=3
개발자(프론트엔드/백엔드) 정규직 신입/경력자를 모십니다.의 전체 세부 정보,아토즈소프트 관심기업,서울 성수동2가,https://kr.indeed.com/rc/clk?jk=c6846f4abf3d57cb&fccid=3401aed56a2304e2&vjs=3
백엔드(AI 서비스 플랫폼 개발)의 전체 세부 정보,라온피플,성남 분당구,https://kr.indeed.com/rc/clk?jk=9c3e05d236a9cefd&fccid=d2705fe6ff17ca10&vjs=3
Web 시스템 개발/운영[경력]의 전체 세부 정보,현대자동차그룹,안성 계동,https://kr.indeed.com/rc/clk?jk=61a4db9f1ec5b549&fccid=980d6ecc399a3373&vjs=3
C# 경력 정규직의 전체 세부 정보,엘에스델,서울 금천구,https://kr.indeed.com/rc/clk?jk=677fef6f6f5ec423&fccid=e2bf61b6b693a210&vjs=3
웹 프론트엔드 개발 (이천 기흥 구미 아산)의 전체 세부 정보,시니어앤파트너즈,서울 서초구,https://kr.indeed.com/rc/clk?jk=eda5d8952cec3272&fccid=59060ddcdf96b101&vjs=3
개발 총괄 PM의 전체 세부 정보,비플러스랩,대한민국,https://kr.indeed.com/rc/clk?jk=9c63fea8a3b83a00&fccid=b1aed4af80df99f2&vjs=3
[테크] WEB개발 UI개발자 경력 채용의 전체 세부 정보,에스에스지닷컴,서울 회현동,https://kr.indeed.com/rc/clk?jk=af8df11ce4da2071&fccid=37667075f56251e4&vjs=3
카카오 전체의 계정 플랫폼을 만들 서버개발자 모집의 전체 세부 정보,카카오,성남 판교역,https://kr.indeed.com/rc/clk?jk=1399ee2f387a27dd&fccid=32b9af632cf3b9f9&vjs=3
[법무법인(유) 율촌] 정보전산팀 경력직 개발자의 전체 세부 정보,법무법인 (유한)율촌,서울 강남구,https://kr.indeed.com/rc/clk?jk=9ab2594b5b7eb176&fccid=6da356a600313e24&vjs=3
Front-end Engineer(Eats Web Engineering)의 전체 세부 정보,Coupang,서울,https://kr.indeed.com/rc/clk?jk=3453d6af64cfc1d2&fccid=56e12959d04ef145&vjs=3
[마영전] 웹 어플리케이션 개발자의 전체 세부 정보,Nexon,경기도 성남,https://kr.indeed.com/rc/clk?jk=b234fed78d6ecf58&fccid=aba87288e4cc3687&vjs=3
[플랫폼개발팀] Frontend 개발자 경력채용의 전체 세부 정보,한화그룹,서울,https://kr.indeed.com/rc/clk?jk=d5ea7fa62d3b9f1a&fccid=bd0dc1817223394f&vjs=3
웹퍼블리셔의 전체 세부 정보,코아메소드,서울 영등포구,https://kr.indeed.com/company/%EC%BD%94%EC%95%84%EB%A9%94%EC%86%8C%EB%93%9C/jobs/%EC%9B%B9%ED%8D%BC%EB%B8%94%EB%A6%AC%EC%85%94-85376f9b4d34f174?fccid=a2f4b9020f0cf3c1&vjs=3
[인텔리전스랩스] 선행개발실 풀스택 개발자 (Vue/Node.js/DevOps)의 전체 세부 정보,Nexon,경기도 성남,https://kr.indeed.com/rc/clk?jk=8db1f42434ef0d60&fccid=aba87288e4cc3687&vjs=3
약문약답과 함께 성장할 프론트엔드 SW 개발자의 전체 세부 정보,약문약답,성남 분당구,https://kr.indeed.com/rc/clk?jk=02b692efa5de2722&fccid=27e708ed46de0c83&vjs=3
Web Software Engineer의 전체 세부 정보,LINE Plus corporation,서울,https://kr.indeed.com/rc/clk?jk=ed2a58a802d141b6&fccid=e90e80bc9ed9a53f&vjs=3
Sr. Frontend Developer (6년 이상)의 전체 세부 정보,위대한상상,서울 서초구,https://kr.indeed.com/rc/clk?jk=47cbd8bb152a377c&fccid=e8cc3946292de49a&vjs=3
웹(앱) 개발 서비스 제공 경력직의 전체 세부 정보,일삼헤르츠,서울 강남구,https://kr.indeed.com/rc/clk?jk=a285b86e36953b15&fccid=dad70c78284428f0&vjs=3
[프론트 개발자] 경력직 정규직의 전체 세부 정보,인테리어티쳐,서울 서초구,https://kr.indeed.com/rc/clk?jk=7ad81c0f46823d2d&fccid=b0cfd2a918877ad9&vjs=3
Software Engineer  Front End의 전체 세부 정보,센드버드코리아,서울 강남구,https://kr.indeed.com/rc/clk?jk=00d5aa0f00b7b279&fccid=9e391845b281ff0f&vjs=3
WEB개발 경력직 채용의 전체 세부 정보,인바디,서울 강남구,https://kr.indeed.com/rc/clk?jk=576b5b1472746a9f&fccid=50e99bac237e8299&vjs=3
Software Engineer  Ecosystem - Korea의 전체 세부 정보,Aptos,서울,https://kr.indeed.com/rc/clk?jk=bae43ddafecac6d4&fccid=4edf6f7283dd42ad&vjs=3
풀스택 개발자 (경력 2년 이상)의 전체 세부 정보,자버,서울 마포구,https://kr.indeed.com/rc/clk?jk=881079702264913a&fccid=24bf9d1ffd205871&vjs=3
Node.js 필수 Server Programming 백엔드 개발자의 전체 세부 정보,회사명,경기도 성남,https://kr.indeed.com/rc/clk?jk=efc947f7239116c2&fccid=a6a2cb60b8f19368&vjs=3
OTT 플랫폼 프론트엔드 개발자 경력 채용의 전체 세부 정보,CJ올리브네트웍스,성남 서현동,https://kr.indeed.com/rc/clk?jk=9469ee23d4ca6d9b&fccid=f9d7b79c30512a85&vjs=3
[2022신입공채] Programming - 서비스 플랫폼 개발의 전체 세부 정보,엔씨소프트,성남 판교역,https://kr.indeed.com/rc/clk?jk=a3fd0e49db6ef43c&fccid=a1e4e21b1f33cf40&vjs=3
[카카오페이 보험서비스] 보험플랫폼 프론트엔드 개발자 영입의 전체 세부 정보,케이피보험서비스,성남 분당구,https://kr.indeed.com/rc/clk?jk=cde4e7c66ffda865&fccid=f0d1a3e5a0a2e05f&vjs=3
React Native Engineer_메타버스 서비스 개발의 전체 세부 정보,Dunamu,서울,https://kr.indeed.com/rc/clk?jk=079ce8cc0255137f&fccid=54c9c086b03b7cdc&vjs=3
Materials Planning & Execution Coordinator의 전체 세부 정보,GE Aviation,경기도,https://kr.indeed.com/rc/clk?jk=beaa638bc642b407&fccid=aac6f2070b0f3775&vjs=3
웹 개발(경력)의 전체 세부 정보,대구텍,대구 가창면,https://kr.indeed.com/rc/clk?jk=cb84b246924844c9&fccid=23012025c7b8bbef&vjs=3
[카카오 클라우드] Cloud 서비스 (Infra as a Service) 개발자 모집의 전체 세부 정보,카카오,성남 판교역,https://kr.indeed.com/rc/clk?jk=9681bee6bfc434f1&fccid=32b9af632cf3b9f9&vjs=3
[SSG/서비스] 프론트엔드/UI 개발자의 전체 세부 정보,에스에스지닷컴,서울 회현동,https://kr.indeed.com/rc/clk?jk=e953849fe152e454&fccid=37667075f56251e4&vjs=3
Front-end Software Engineer - Korea의 전체 세부 정보,MOLOCO,서울 강남구,https://kr.indeed.com/rc/clk?jk=a8fd53d000c5ffcc&fccid=27317bcae2b26fe5&vjs=3
웹퍼블리셔 경력 정규직의 전체 세부 정보,코아메소드,서울 영등포구,https://kr.indeed.com/rc/clk?jk=abada9ff4910e70c&fccid=a2f4b9020f0cf3c1&vjs=3
프론트엔드 개발자 정규직의 전체 세부 정보,오비이랩,서울 강남구,https://kr.indeed.com/rc/clk?jk=bf16ad1902f2a2e3&fccid=715de450eed29374&vjs=3
Regional Real Estate Design Manager  APAC의 전체 세부 정보,ByteDance,서울,https://kr.indeed.com/rc/clk?jk=4b345f771ae89023&fccid=74fbc768a4e5bece&vjs=3
[위메프] 보안개발 엔지니어의 전체 세부 정보,위메프,대한민국,https://kr.indeed.com/rc/clk?jk=c958cac61618994e&fccid=2f8799a5ef214646&vjs=3
전산프로그램 개발 직원의 전체 세부 정보,웨이브피아,서울,https://kr.indeed.com/rc/clk?jk=cbd4ba4d3ccb0bc6&fccid=6cdc41c978821743&vjs=3
Front-end Engineer의 전체 세부 정보,ANGELSWING,대한민국,https://kr.indeed.com/rc/clk?jk=2feb0ada0a2d421c&fccid=0a64f3faaaf0a00c&vjs=3
전사 웹개발자 경력직 채용의 전체 세부 정보,노랑풍선,서울 서소문동,https://kr.indeed.com/rc/clk?jk=6f339878986c4f02&fccid=fc3710677e65359f&vjs=3
풀스택 웹 개발자 경력 정규직의 전체 세부 정보,노태그코리아,서울 중구,https://kr.indeed.com/rc/clk?jk=601dc14ba8490125&fccid=ca96d67d509ca7a2&vjs=3
[경력] 프론트엔드의 전체 세부 정보,에이아이스페라,서울 성동구,https://kr.indeed.com/rc/clk?jk=e755ae2d37c7f0c5&fccid=98206cd7040cde76&vjs=3
AI 서비스 개발자 모집의 전체 세부 정보,엔씨소프트,성남 판교역,https://kr.indeed.com/rc/clk?jk=41e926f74d33778c&fccid=a1e4e21b1f33cf40&vjs=3
Software Engineer (States DAO)의 전체 세부 정보,Code States,서울,https://kr.indeed.com/rc/clk?jk=234138ef55840616&fccid=cd97dec6d96a75f7&vjs=3
Frontend Engineer의 전체 세부 정보,ThorDrive Inc,서울,https://kr.indeed.com/rc/clk?jk=8199941c83a54b6c&fccid=3e85ac49dfd6b2c5&vjs=3
프론트 개발자 (인턴/신입/경력)의 전체 세부 정보,자버,서울 마포구,https://kr.indeed.com/rc/clk?jk=11d6f9f2f47158fa&fccid=24bf9d1ffd205871&vjs=3
퍼블리싱 플랫폼 Front-End 개발자 모집의 전체 세부 정보,엔씨소프트,성남 판교역,https://kr.indeed.com/rc/clk?jk=5806039b115860d0&fccid=a1e4e21b1f33cf40&vjs=3
카카오 광고 플랫폼 개발자 모집의 전체 세부 정보,카카오,성남 판교역,https://kr.indeed.com/rc/clk?jk=052db237d0afb6c6&fccid=32b9af632cf3b9f9&vjs=3
프론트엔드(REACT) 경력 정규직의 전체 세부 정보,넥스트커리어,서울 강남구,https://kr.indeed.com/rc/clk?jk=488aa0da8843c327&fccid=2d777ccbd7a449c1&vjs=3
DOSI/LINE NFT Front-end Engineer의 전체 세부 정보,LINE Plus corporation,대한민국,https://kr.indeed.com/rc/clk?jk=a23816a8d9ccb93b&fccid=e90e80bc9ed9a53f&vjs=3
[지도 서비스/FE플랫폼팀] 프론트엔드 개발자 모집의 전체 세부 정보,카카오,성남 판교역,https://kr.indeed.com/rc/clk?jk=78dbf1d219abeb1e&fccid=32b9af632cf3b9f9&vjs=3
데이터 분석플랫폼 웹개발자 모집의 전체 세부 정보,카카오,성남 판교역,https://kr.indeed.com/rc/clk?jk=fc4db69911802ead&fccid=32b9af632cf3b9f9&vjs=3
[EY한영] 세무본부 PAS 팀 IT 개발 담당 채용의 전체 세부 정보,EY,서울 영등포구,https://kr.indeed.com/rc/clk?jk=d1d73f31350f210c&fccid=1544766d4c2915b0&vjs=3
Digital Marketing Officer (New Position)의 전체 세부 정보,국경없는의사회 한국,서울 강남구,https://kr.indeed.com/rc/clk?jk=093e590cfcda864e&fccid=ef6a7567d77a96bc&vjs=3
[대형보험사] Frontend 개발자 (대리급)의 전체 세부 정보,커리어라임즈,서울 영등포구,https://kr.indeed.com/rc/clk?jk=dc820aef6917a06b&fccid=f670eab2debfac5c&vjs=3
[주]에스비정보기술] 연구소 Hybrid 앱(App/Web) 개발(경력)의 전체 세부 정보,에스비정보기술,경기도 의왕,https://kr.indeed.com/rc/clk?jk=0395c41be0fc8fe9&fccid=9e82b07e298da561&vjs=3
React 프론트엔드 개발자의 전체 세부 정보,바텍,경기도 화성,https://kr.indeed.com/rc/clk?jk=c59b207f0ddcd752&fccid=97c4b5b658b4a1a6&vjs=3
빅데이터 플랫폼 서비스 개발자 모집의 전체 세부 정보,카카오,성남 판교역,https://kr.indeed.com/rc/clk?jk=f934b466ae0434a3&fccid=32b9af632cf3b9f9&vjs=3
웹프로그램(JSP  JAVA) / 서버 개발자의 전체 세부 정보,레어소프트,서울 금천구,https://kr.indeed.com/rc/clk?jk=585e698d1b87dad0&fccid=4a2392aeb4e6cfc7&vjs=3
웹개발  백엔드 외 경력 정규직의 전체 세부 정보,아이티엔제이,울산 남구,https://kr.indeed.com/rc/clk?jk=7dbaa95d22eacd29&fccid=e2652b7e13d4cb4d&vjs=3
프론트엔드 경력 개발자 모집의 전체 세부 정보,GS ITM,서울 재동,https://kr.indeed.com/rc/clk?jk=cdb619a3d501ee5c&fccid=619a8f6fadae8531&vjs=3
모의거래 웹 개발자 채용의 전체 세부 정보,연합인포맥스,서울 수송동,https://kr.indeed.com/rc/clk?jk=8ad147548beea69f&fccid=c0cba40e6676323a&vjs=3
[티맥스소프트]R&D 미들웨어 부문 개발자의 전체 세부 정보,티맥스소프트,성남 분당구,https://kr.indeed.com/rc/clk?jk=2e21d2d12f1de715&fccid=445576e2a7ced0d6&vjs=3
.NET  C#  React  프론트엔드  백엔드 외 신입/경력 정규직의 전체 세부 정보,디포커스,서울 성동구,https://kr.indeed.com/rc/clk?jk=d32c39cd2f3c0f33&fccid=94cb52fcbb33911f&vjs=3
올리브 핀테크 함께 일하실 CTO의 전체 세부 정보,올리브핀테크,서울 서초구,https://kr.indeed.com/rc/clk?jk=89f3b0bb67aad471&fccid=4a788b2492274905&vjs=3
모바일 React Native 개발 경력 정규직의 전체 세부 정보,패스트림,서울 서초구,https://kr.indeed.com/rc/clk?jk=6d9876dce5e908f4&fccid=e9d4861e38b26c44&vjs=3
글로벌 서비스 React Native 개발의 전체 세부 정보,아프리카TV,경기도 성남,https://kr.indeed.com/rc/clk?jk=b3cb091bd543ce75&fccid=bc48816053af06b3&vjs=3
자사 솔루션 개발의 전체 세부 정보,띵스파이어,서울 용산구,https://kr.indeed.com/rc/clk?jk=0fd0e4ffef882ccd&fccid=01368044e18e491c&vjs=3
프론트엔드  백엔드  딥러닝  풀스택 개발자 /경력자우대  능력급여의 전체 세부 정보,플레이콘,제주 제주시,https://kr.indeed.com/rc/clk?jk=1a41dfab90736e92&fccid=e2329ab5c4fbd724&vjs=3
NFT Fandom Product Web Publisher의 전체 세부 정보,LINE Plus corporation,대한민국,https://kr.indeed.com/rc/clk?jk=e7962b99274c2ab4&fccid=e90e80bc9ed9a53f&vjs=3
Software Engineer Intern - Korea의 전체 세부 정보,MOLOCO,서울 강남구,https://kr.indeed.com/rc/clk?jk=c2f271fbd2fa95e7&fccid=27317bcae2b26fe5&vjs=3
[3년 이상] Analytics/Data Angineer의 전체 세부 정보,아이디케이스퀘어드,서울 중구,https://kr.indeed.com/rc/clk?jk=27efbf31dc7befc6&fccid=27d5ff5361e13c7a&vjs=3
2022년 사업부(공통) PM 및 개발자의 전체 세부 정보,솔비트,서울 서초구,https://kr.indeed.com/rc/clk?jk=268842eb1830ecca&fccid=511e473f7a3cd34b&vjs=3
[TmaxGroup/Metaverse] 블록체인 연구원의 전체 세부 정보,티맥스소프트,성남 분당구,https://kr.indeed.com/rc/clk?jk=b9f1432a70d94f3d&fccid=445576e2a7ced0d6&vjs=3
프론트엔드 개발의 전체 세부 정보,넷마블,서울 구로구,https://kr.indeed.com/rc/clk?jk=319b321a0eaa1655&fccid=e696d83fde5c0f20&vjs=3
[카카오 클라우드] DBaaS(DataBase As A Service) 개발자 모집의 전체 세부 정보,카카오,성남 판교역,https://kr.indeed.com/rc/clk?jk=7dc2c63c9eca609a&fccid=32b9af632cf3b9f9&vjs=3
앱 프론트엔드 개발자 (유연근무제)의 전체 세부 정보,핑퐁,서울 종로구,https://kr.indeed.com/rc/clk?jk=b5110cd1c0bf6df1&fccid=0a12a7b0211de47b&vjs=3
프론트엔드  HTML·DHTML·mHTML 외 경력 정규직의 전체 세부 정보,바오밥파트너즈,서울 강남구,https://kr.indeed.com/rc/clk?jk=b3a3c060c15e95cf&fccid=7841155ce7fa178a&vjs=3
쓰담 Server Developer의 전체 세부 정보,노마드스타,서울 서초구,https://kr.indeed.com/rc/clk?jk=21f32b8f1827025d&fccid=7eb5f4190a03377e&vjs=3
채널 웹서비스 개발/업무 시스템 운영 담당자 채용의 전체 세부 정보,케이뱅크은행,서울 중학동,https://kr.indeed.com/rc/clk?jk=a5e093a350feb268&fccid=5c3222a7b96c49cc&vjs=3
(주)에스비정보기술 연구소 Hybrid 앱(App/Web) 개발자의 전체 세부 정보,에스비정보기술,경기도 의왕,https://kr.indeed.com/rc/clk?jk=fd03261cbf2710cc&fccid=9e82b07e298da561&vjs=3
프론트엔드 웹 개발자의 전체 세부 정보,펄핏,서울 강남구,https://kr.indeed.com/rc/clk?jk=9ba2af0dadae83c3&fccid=7de729fac59952f3&vjs=3
앱 개발자 (React native)의 전체 세부 정보,알티모빌리티,서울 서초구,https://kr.indeed.com/rc/clk?jk=82e2c9b42c864c0d&fccid=2ec20f496630322d&vjs=3
웹개발 (풀스택+아키텍처  웹 아키텍처)의 전체 세부 정보,시니어앤파트너즈,경기도 이천,https://kr.indeed.com/rc/clk?jk=32a69a84b552813d&fccid=59060ddcdf96b101&vjs=3
운영 PM 및 개발 PL 경력 모집의 전체 세부 정보,CJ올리브네트웍스,성남 서현동,https://kr.indeed.com/rc/clk?jk=6c21900a13407ab8&fccid=f9d7b79c30512a85&vjs=3
Frontend Engineer (Graphics  Computer Vision)의 전체 세부 정보,Superb AI,서울,https://kr.indeed.com/rc/clk?jk=817144cfaa017409&fccid=2ce7b49b3fdddbb1&vjs=3
[NFT Metaverse Dept.] Front-end Programmer (3년 ~ 10년)의 전체 세부 정보,크래프톤,서울 서초구,https://kr.indeed.com/rc/clk?jk=697b3b88d49c3e67&fccid=0aeb279b74dee723&vjs=3
E-Commerce Front-End Engineer의 전체 세부 정보,LINE Plus corporation,서울,https://kr.indeed.com/rc/clk?jk=6f54d1140c05a2f8&fccid=e90e80bc9ed9a53f&vjs=3
[신선하이개발실] 프론트엔드 개발 (주니어)의 전체 세부 정보,그린랩스,서울 송파구,https://kr.indeed.com/rc/clk?jk=82a6f973db3ada69&fccid=feeacbc1377594e2&vjs=3
[버티컬서비스] 프론트엔드 개발자의 전체 세부 정보,위메프,대한민국,https://kr.indeed.com/rc/clk?jk=f9ce9fb363fc49c1&fccid=2f8799a5ef214646&vjs=3
웹개발(풀스택) (양재역)의 전체 세부 정보,시니어앤파트너즈,서울 서초구,https://kr.indeed.com/rc/clk?jk=d142b53117ba7084&fccid=59060ddcdf96b101&vjs=3
[Back-end] 개발자 모집의 전체 세부 정보,엔씨소프트,성남 판교역,https://kr.indeed.com/rc/clk?jk=352844c90c95fff1&fccid=a1e4e21b1f33cf40&vjs=3
React  NodeJs 풀스택 웹개발자 모집의 전체 세부 정보,에이치앤비지노믹스 관심기업,울산 전하동,https://kr.indeed.com/rc/clk?jk=6b4eb857a8ecaebe&fccid=c4e46c856ad6c164&vjs=3
웹개발자 정규직 경력사원 공개채용의 전체 세부 정보,한겨레,서울 공덕동,https://kr.indeed.com/rc/clk?jk=a0e046236a8d5633&fccid=662f4245f149cfbe&vjs=3
웹개발  프론트엔드 외 신입/경력 정규직의 전체 세부 정보,아트맵,대구 북구,https://kr.indeed.com/rc/clk?jk=c7bfe01c5679b8c8&fccid=d66b60a88c4cdb83&vjs=3
[글로벌디지털마케팅] Python Backend Engineer 정규직의 전체 세부 정보,콘센트릭스서비스코리아,서울 용산구,https://kr.indeed.com/rc/clk?jk=67def202b8c35365&fccid=7789b87d5d996c4a&vjs=3
FrontEnd Developer(프론트앤드) 클라이언트 개발자 경력의 전체 세부 정보,에스제이에이치스튜디오,서울 역삼동,https://kr.indeed.com/rc/clk?jk=89a05c7c844b1526&fccid=b160cc3e023e1129&vjs=3
Frontend 개발자의 전체 세부 정보,플리토,서울 강남구,https://kr.indeed.com/rc/clk?jk=cb85566aedd4d1cf&fccid=01aed038bcce2a5f&vjs=3
개발 신입/경력직 수시 채용의 전체 세부 정보,한글과컴퓨터,성남 삼평동,https://kr.indeed.com/rc/clk?jk=80ef0d8eb59db4d5&fccid=3fcddebf1a696683&vjs=3
Web Platform Engineer (Front-end)의 전체 세부 정보,LINE Plus corporation,대한민국,https://kr.indeed.com/rc/clk?jk=1571789ece32360a&fccid=e90e80bc9ed9a53f&vjs=3
[신입] Web 교육 컨텐츠 제작자의 전체 세부 정보,엘리스,서울 강남구,https://kr.indeed.com/rc/clk?jk=ae7d6da0ea553d66&fccid=b00d4b329a5fe2ac&vjs=3
[Engineering Div] Web Front-End Developer Senior (5년 이상)의 전체 세부 정보,크래프톤,서울 강남구,https://kr.indeed.com/rc/clk?jk=c55cebf10b636456&fccid=0aeb279b74dee723&vjs=3
스마트폰 어플리케이션(App)  웹개발 경력 정규직의 전체 세부 정보,엘에스델,서울 금천구,https://kr.indeed.com/rc/clk?jk=fd49491d8052b9f0&fccid=e2bf61b6b693a210&vjs=3
Android 앱 개발  iOS 앱 개발 외 신입/경력 정규직의 전체 세부 정보,더포스웨이브,경상북도 구미,https://kr.indeed.com/rc/clk?jk=e75e0359db2599ec&fccid=ee725bac79ad2655&vjs=3
React Native Developer의 전체 세부 정보,아우름플래닛,서울 마포구,https://kr.indeed.com/rc/clk?jk=59c9ee6a635c251a&fccid=553095a190e81a86&vjs=3
[신입/경력] 프론트/백엔드 개발자 정규직 모집의 전체 세부 정보,이데아텍(주) 관심기업,서울 역삼동,https://kr.indeed.com/rc/clk?jk=f4438de5717702d2&fccid=39f7866bb7b3e510&vjs=3
프론트엔드(Front-end) 개발자님 정중히 (react-native)의 전체 세부 정보,위솝,서울 마포구,https://kr.indeed.com/rc/clk?jk=b226536a79e18737&fccid=17a370bb75419be0&vjs=3
Front-end Software Engineer (Fleet Management 개발)의 전체 세부 정보,Bear Robotics,서울,https://kr.indeed.com/rc/clk?jk=cc1ec7d192eb9b46&fccid=d7230dda285fd6ea&vjs=3
Web FrontEnd개발자 모집의 전체 세부 정보,알서포트,서울 몽촌토성역,https://kr.indeed.com/rc/clk?jk=325fdeb1c842ea48&fccid=1034bf55b977a0d1&vjs=3
[카카오같이가치] 프론트엔드 개발자 모집의 전체 세부 정보,카카오,성남 판교역,https://kr.indeed.com/rc/clk?jk=4ce06fb46f0d0b15&fccid=32b9af632cf3b9f9&vjs=3
프론트엔드(Angular React) (양재역)의 전체 세부 정보,시니어앤파트너즈,서울 서초구,https://kr.indeed.com/rc/clk?jk=deefd519145267c9&fccid=59060ddcdf96b101&vjs=3
웹 프론트엔드 개발자 경력(정규)직의 전체 세부 정보,아론티어,서울 서초구,https://kr.indeed.com/rc/clk?jk=48e9aeaf0271980c&fccid=f7ee2929fe1b59a8&vjs=3
Front-end Engineer의 전체 세부 정보,스윙비,서울 강남구,https://kr.indeed.com/rc/clk?jk=738293cd7fb0a2c1&fccid=c9c3a0bd67ba523e&vjs=3
IT분야 경력사원 채용의 전체 세부 정보,한솔홈데코,서울 신대방동,https://kr.indeed.com/rc/clk?jk=d0c0a7e84647a731&fccid=a2b38bf4a4aa1958&vjs=3
금융IT(UI/UX개발) 인재의 전체 세부 정보,에셋플러스자산운용,대한민국,https://kr.indeed.com/rc/clk?jk=04751aa927de1b32&fccid=8ab063b7c8c26513&vjs=3
[신입/경력] 프론트엔드 개발자의 전체 세부 정보,구름,성남 분당구,https://kr.indeed.com/rc/clk?jk=889d7c89927a07e5&fccid=93116efd0859e0ce&vjs=3
Manager  Solutions Engineering - APAC의 전체 세부 정보,Sendbird,서울,https://kr.indeed.com/rc/clk?jk=927961f051189c47&fccid=9ba9500ecf2596c5&vjs=3
[인텔리전스랩스] 프론트엔드 SDK팀 프론트엔드 개발자의 전체 세부 정보,Nexon,경기도 성남,https://kr.indeed.com/rc/clk?jk=1d3cebb6f803dfb7&fccid=aba87288e4cc3687&vjs=3
웹서비스 개발 및 유지보수 담당의 전체 세부 정보,에이치티에이,서울 강남구,https://kr.indeed.com/rc/clk?jk=62d915456740349f&fccid=f050cf6081c343e9&vjs=3
[윤선생 본사] IT분야 경력직원의 전체 세부 정보,현대영어사,서울 강동구,https://kr.indeed.com/rc/clk?jk=434197445b98e2c7&fccid=b00c0d8acab404b5&vjs=3
Cloud 부문 경력 모집의 전체 세부 정보,한화테크윈,성남 삼평동,https://kr.indeed.com/rc/clk?jk=521851a49ed46c0a&fccid=41ab825ad0dacc35&vjs=3
프론트엔드/백엔드/딥러닝/풀스택 개발자 (경력자 우대)의 전체 세부 정보,아이디어 콘서트,성남 수정구,https://kr.indeed.com/rc/clk?jk=367265a1155a1357&fccid=ae62183ef031b8f1&vjs=3
[비즈니스 서비스/FE플랫폼팀] 프론트엔드 개발자 모집의 전체 세부 정보,카카오,성남 판교역,https://kr.indeed.com/rc/clk?jk=ae57168375fe9cc6&fccid=32b9af632cf3b9f9&vjs=3
프론트엔드 신입 정규직의 전체 세부 정보,엠아이솔루션,대전 유성구,https://kr.indeed.com/rc/clk?jk=4286cf2792adff12&fccid=17164eb61dc096d8&vjs=3
백엔드개발자 경력직 모집의 전체 세부 정보,텐바이텐,서울 연건동,https://kr.indeed.com/rc/clk?jk=3b82e1bb6d0dd0a3&fccid=06522dc41f0858e7&vjs=3
Korea - Nike App Business Manager의 전체 세부 정보,Nike,서울,https://kr.indeed.com/rc/clk?jk=c2ddb3a1f86b80af&fccid=2c62e4de04b8f952&vjs=3
[IT운영팀] Backend 개발자 Junior  Senior 경력채용의 전체 세부 정보,한화그룹,서울,https://kr.indeed.com/rc/clk?jk=b8b2d14f35eb706a&fccid=bd0dc1817223394f&vjs=3
3분기 자동화CIC 신입/경력 채용[R&D]의 전체 세부 정보,LS일렉트릭,안양 동안구,https://kr.indeed.com/rc/clk?jk=6f6c77e512aa0fed&fccid=91184db69b2a175f&vjs=3
Software Engineer (Front-End Web)의 전체 세부 정보,TalentMatters,대한민국,https://kr.indeed.com/rc/clk?jk=4bff3823c5a00473&fccid=d5735b574ae38a12&vjs=3
이엠시티와 함께 글로벌 시장에 도전할 개발자의 전체 세부 정보,이엠시티,서울 영등포구,https://kr.indeed.com/rc/clk?jk=ae2e7d32073a3238&fccid=a4e6e58965743113&vjs=3
[일반직] DX_IT 경력사원 채용의 전체 세부 정보,GS EPS,당진 송악읍,https://kr.indeed.com/rc/clk?jk=b2e9e9e47e79cf25&fccid=ed7659df3000676f&vjs=3
[리얼클래스]시니어 프론트엔드 개발자 (Senior Frontend Developer  React)의 전체 세부 정보,퀄슨,서울 강남구,https://kr.indeed.com/rc/clk?jk=723bb63c3a9ab240&fccid=868600ac897032bf&vjs=3
(주)유비케어 연구개발 신입/경력 인재영입의 전체 세부 정보,유비케어,서울 구로구,https://kr.indeed.com/rc/clk?jk=8e5d8fdb2576e6a2&fccid=3cb0cf5421b60068&vjs=3
[IT] Front-end Engineer - 커머스플랫폼[매니저  책임매니저]의 전체 세부 정보,현대자동차그룹,대한민국,https://kr.indeed.com/rc/clk?jk=17c7fe3f180f5382&fccid=980d6ecc399a3373&vjs=3
웹퍼블리셔 신입/경력직 모집의 전체 세부 정보,텐바이텐,서울 연건동,https://kr.indeed.com/rc/clk?jk=d8f727bdc1e5073e&fccid=06522dc41f0858e7&vjs=3
Software Architect - HSV의 전체 세부 정보,Cadence Design Systems,경기도,https://kr.indeed.com/rc/clk?jk=40f76d02de0b45f0&fccid=391006290e845887&vjs=3
여행 좋아하는 주니어 개발자의 전체 세부 정보,메리홀리데이,서울 강남구,https://kr.indeed.com/rc/clk?jk=bcb66193e91fee96&fccid=a42311527da9836f&vjs=3
[안드로이드/IOS 개발자] 경력직 정규직의 전체 세부 정보,인테리어티쳐,서울 서초구,https://kr.indeed.com/rc/clk?jk=dcd66f17c72a99b8&fccid=b0cfd2a918877ad9&vjs=3
React개발&Java/Python개발 (Web Service 개발 / 유지보수)의 전체 세부 정보,Success Korea,서울 강남구,https://kr.indeed.com/rc/clk?jk=69a5321b09948ca6&fccid=d29ddc820620b02e&vjs=3
22년 10월 비상교육 IT직무(AI 개발 퍼블리싱) 수시채용(경력)의 전체 세부 정보,비상교육,대한민국,https://kr.indeed.com/rc/clk?jk=2d8efbaa18d99b94&fccid=b787a1d701399504&vjs=3
[인공지능기업] Front-End  HTML  CSS의 전체 세부 정보,머니브레인,서울,https://kr.indeed.com/rc/clk?jk=655b7360721ec6a7&fccid=928e065b762ec631&vjs=3
프로그램(SW) 개발자 (웹 모바일 윈도우)의 전체 세부 정보,탑코어시스템,청주 흥덕구,https://kr.indeed.com/rc/clk?jk=3ed928725e64029f&fccid=14abb9ac48629cf8&vjs=3
[카카오 클라우드] 컨테이너 기반 CI/CD 플랫폼 개발자 모집의 전체 세부 정보,카카오,성남 판교역,https://kr.indeed.com/rc/clk?jk=9303bedf25d412c8&fccid=32b9af632cf3b9f9&vjs=3
Global?Commerce?Front-end?Engineer의 전체 세부 정보,LINE Plus corporation,대한민국,https://kr.indeed.com/rc/clk?jk=a9f588b0f9ec0c4b&fccid=e90e80bc9ed9a53f&vjs=3
Web Engineer (NFT Product)의 전체 세부 정보,LINE Plus corporation,서울,https://kr.indeed.com/rc/clk?jk=1097eadea8c18a14&fccid=e90e80bc9ed9a53f&vjs=3
Backend 개발 직원 모집의 전체 세부 정보,스마트핏,부산 해운대구,https://kr.indeed.com/rc/clk?jk=1b05de9e5f3c676a&fccid=b11c083458edf7a3&vjs=3
React Native 전문가 (경력  Senior 우대)의 전체 세부 정보,이모라이브,서울 송파구,https://kr.indeed.com/rc/clk?jk=392ebbc67b7b9532&fccid=1d4950c9c398292c&vjs=3
AI Solution Front-End 웹개발자 정규직 채용의 전체 세부 정보,삼정 KPMG,서울 강남구,https://kr.indeed.com/rc/clk?jk=7f5ba01ccc6a0d36&fccid=7651bf7c7525e8f6&vjs=3
모바일 Image Viewer SW 개발의 전체 세부 정보,덴티움,수원 영통구,https://kr.indeed.com/rc/clk?jk=cbe0e7992ad1ede9&fccid=b0a4fdd38b0ca73d&vjs=3
(다댐 앱) 앱/웹 경력 개발자의 전체 세부 정보,링크캠퍼스,광주 동구,https://kr.indeed.com/rc/clk?jk=8a6cf7a7757a51c3&fccid=89d494f1287eb583&vjs=3
Senior Partner Engineer의 전체 세부 정보,Twitch,서울,https://kr.indeed.com/rc/clk?jk=7ac7261d6db3c252&fccid=e21f6affbb4bb0b2&vjs=3
기간제 직원 채용[프로젝트수행]의 전체 세부 정보,코스콤,서울 여의도,https://kr.indeed.com/rc/clk?jk=f0df99b090e89561&fccid=16b4c0cc1c3845a7&vjs=3
APP 개발자(react native)의 전체 세부 정보,더트라이브,과천 과천시,https://kr.indeed.com/rc/clk?jk=44555f028d57be1e&fccid=c69f4f5a859c7964&vjs=3
(주)투게더아트 모바일 애플리케이션 개발자의 전체 세부 정보,투게더아트,서울 강남구,https://kr.indeed.com/rc/clk?jk=877ef5b82142a570&fccid=93e7c0f5d07167f6&vjs=3
Senior Software Development Engineer - Customer Success의 전체 세부 정보,Twitch,서울,https://kr.indeed.com/rc/clk?jk=da59e2f5fdfad600&fccid=e21f6affbb4bb0b2&vjs=3
E-Commerce 개발 및 운영 수시 채용의 전체 세부 정보,한미헬스케어,서울 방이동,https://kr.indeed.com/rc/clk?jk=c2a8fe24a5e8edc0&fccid=d9c94f076a79d8ee&vjs=3
블록체인구축운영 경력 정규직의 전체 세부 정보,에그버스,서울 강남구,https://kr.indeed.com/rc/clk?jk=8c6b60f84776d526&fccid=284579f546cf721a&vjs=3
플랫폼사업부 개발직군 수시채용의 전체 세부 정보,한미헬스케어,서울 방이동,https://kr.indeed.com/rc/clk?jk=3b7aef3c77c9f193&fccid=d9c94f076a79d8ee&vjs=3
솔루션개발부 정규직 사원모집의 전체 세부 정보,엘케이시스,서울 문래동5가,https://kr.indeed.com/rc/clk?jk=f19fcd4c1a7a2a48&fccid=60beb6c821640a02&vjs=3
[FE개발1] Front-end 개발자 채용의 전체 세부 정보,11번가,서울 남대문로5가,https://kr.indeed.com/rc/clk?jk=d368d934dda6729d&fccid=aba8aade58c00c02&vjs=3
[내일채움공제가입가능 사업장]프론트엔드 경력직 개발자의 전체 세부 정보,엔버스,대전 대덕구,https://kr.indeed.com/rc/clk?jk=96436fb171c1ba13&fccid=b9484b4d63da1c04&vjs=3
Web Graphics Engineer (3D Viewer/Engine)  CLO-SET/CONNECT의 전체 세부 정보,CLO Virtual Fashion,서울,https://kr.indeed.com/rc/clk?jk=942e748f42276b0a&fccid=dca5e8b8952213a9&vjs=3
[인공지능기업] 머신러닝 병역특례 전문연구요원의 전체 세부 정보,머니브레인,서울,https://kr.indeed.com/rc/clk?jk=28cb699ec609130e&fccid=928e065b762ec631&vjs=3
Frontend 개발의 전체 세부 정보,Success Korea,성남 판교역,https://kr.indeed.com/rc/clk?jk=2acdce183ca7ae0e&fccid=d29ddc820620b02e&vjs=3
Frontend 개발 분야 모집의 전체 세부 정보,11번가,서울 남대문로5가,https://kr.indeed.com/rc/clk?jk=6c742b25103c3935&fccid=aba8aade58c00c02&vjs=3
[NAVER Z] Framework 프론트엔드 모집의 전체 세부 정보,스노우,성남 백현동,https://kr.indeed.com/rc/clk?jk=920676bb9a53259c&fccid=d6720c3277316d68&vjs=3
전산부문(POS개발팀)의 전체 세부 정보,iCOOP 생협,군포 당동,https://kr.indeed.com/rc/clk?jk=8e9c5f6989cb3c16&fccid=122f0f9d3163935e&vjs=3
Cloud개발 채용의 전체 세부 정보,한화테크윈,성남 삼평동,https://kr.indeed.com/rc/clk?jk=49ab83ec419f4998&fccid=41ab825ad0dacc35&vjs=3
웹퍼블리셔 채용의 전체 세부 정보,텐바이텐,서울 연건동,https://kr.indeed.com/rc/clk?jk=d62a0c2a8b52c9b5&fccid=06522dc41f0858e7&vjs=3
프론트엔드 개발 팀원 [경력/글로벌 인재]의 전체 세부 정보,업템포글로벌,서울 강남구,https://kr.indeed.com/rc/clk?jk=8aad8bbb28e5a387&fccid=e09654fed63bbf84&vjs=3
국내 대기업 계열사 - 웹퍼블리셔(대리과장급)의 전체 세부 정보,라피플코리아리미티드,서울,https://kr.indeed.com/rc/clk?jk=a3c18f21582ed2b4&fccid=28f5722fca6f5b12&vjs=3
(주)민트팟 개발팀 Back-End 개발자의 전체 세부 정보,민트팟,서울 서초구,https://kr.indeed.com/rc/clk?jk=fc017411e273bbb9&fccid=8ccf12dd65544365&vjs=3
카카오 API플랫폼 웹 서비스 개발자 모집의 전체 세부 정보,카카오,성남 판교역,https://kr.indeed.com/rc/clk?jk=bf5d4939ea8450fd&fccid=32b9af632cf3b9f9&vjs=3
자바개발자의 전체 세부 정보,제이엠소프트,서울 강서구,https://kr.indeed.com/rc/clk?jk=201372c7b54d961c&fccid=96a4c6e8d6825c81&vjs=3
Front-end Engineer - 커머스플랫폼[매니저(G2)  책임매니저(G3)]의 전체 세부 정보,현대자동차그룹,서울 양재역,https://kr.indeed.com/rc/clk?jk=ad22068e94a52e63&fccid=980d6ecc399a3373&vjs=3
(주)푸른새벽 웹/앱 프로그래머 팀원의 전체 세부 정보,푸른새벽,서울 영등포구,https://kr.indeed.com/rc/clk?jk=a14fe79cc82d9033&fccid=da308bf6bedd9bf5&vjs=3
놀아조 프론트엔트 개발자(React Native)의 전체 세부 정보,놀아조,대한민국,https://kr.indeed.com/rc/clk?jk=86062ecdb6778b0c&fccid=89cd76707c0e27fb&vjs=3
시니어 웹 프론트엔드 엔지니어 (Senior Web Front-End Engineer)의 전체 세부 정보,뱅크샐러드,서울 영등포구,https://kr.indeed.com/rc/clk?jk=9f8d4dd3cec88287&fccid=35209469e1b8c72c&vjs=3
[TmaxGroup/WAPL] WAPL 협업 Solution 연구원의 전체 세부 정보,티맥스소프트,성남 분당구,https://kr.indeed.com/rc/clk?jk=31f892cedb345a6b&fccid=445576e2a7ced0d6&vjs=3
[실내외배송로봇] UX 디자이너 및 프론트 엔드 웹 개발자의 전체 세부 정보,로보티즈,서울 강서구,https://kr.indeed.com/rc/clk?jk=9e9f5c80ea621870&fccid=3f656eb87b759ea2&vjs=3
[F&B Solution R&D실] Engineering팀 프론트엔드 개발자의 전체 세부 정보,야놀자,서울 강남구,https://kr.indeed.com/rc/clk?jk=e1e1c4057c578f8f&fccid=73fe623ec23ed0a5&vjs=3
웹개발  JAVA 경력 정규직의 전체 세부 정보,휴먼포커스,서울 서초구,https://kr.indeed.com/rc/clk?jk=05d50c46e8f09e31&fccid=9a10552c351818c9&vjs=3
프론트개발자(경력)의 전체 세부 정보,이롭게,서울,https://kr.indeed.com/rc/clk?jk=dfa5afebf8c101dc&fccid=ebd2ee3ef127e901&vjs=3
[신사업부문] Frontend Engineer 경력채용의 전체 세부 정보,한화그룹,서울,https://kr.indeed.com/rc/clk?jk=a20514860b59b852&fccid=bd0dc1817223394f&vjs=3
Java 웹 개발 신입/경력/PM의 전체 세부 정보,시큐어비즈,서울 중랑구,https://kr.indeed.com/rc/clk?jk=45b3d241e3f0ce1a&fccid=5f63f5e3dfd5fc9d&vjs=3
Pala Blockchain engineer 경력 정규직의 전체 세부 정보,팔라,성남 분당구,https://kr.indeed.com/rc/clk?jk=a4aff8018dbbaa30&fccid=62086f4e9fd74de9&vjs=3
앱개발 정규직 경력자를 모십니다.의 전체 세부 정보,바로티나 관심기업,성남 수내동,https://kr.indeed.com/rc/clk?jk=8034940d48e8ce69&fccid=d51db9ce4ba1a703&vjs=3
[Manta] React Native 앱 엔지니어의 전체 세부 정보,RIDI Corp,서울,https://kr.indeed.com/rc/clk?jk=9e7d04f6d2c0529b&fccid=ba4215b904dee414&vjs=3
[텐일레븐] 2022 전문연구요원의 전체 세부 정보,텐일레븐,서울 마포구,https://kr.indeed.com/rc/clk?jk=527442eab598f872&fccid=0f5d2b7ae2acaa89&vjs=3
웹 개발 직원 충원의 전체 세부 정보,꿀비,대전 만년동,https://kr.indeed.com/rc/clk?jk=ce94403ec188a45a&fccid=ebfbd1d5051bf9c7&vjs=3
리액트 웹 개발자의 전체 세부 정보,허그랩,서울 영등포구,https://kr.indeed.com/rc/clk?jk=cec172d0b1694d48&fccid=81d9a1bd7da12033&vjs=3
[TmaxGroup/RG(구 Edu)] Edu 연구원의 전체 세부 정보,티맥스소프트,성남 분당구,https://kr.indeed.com/rc/clk?jk=e88acc2899789782&fccid=445576e2a7ced0d6&vjs=3
강화학습 연구개발 _프론트개발/유지보수의 전체 세부 정보,Success Korea,서울 선릉역,https://kr.indeed.com/rc/clk?jk=813c58cc09cf27df&fccid=d29ddc820620b02e&vjs=3
Klip - jr. Frontend Development의 전체 세부 정보,Success Korea,서울,https://kr.indeed.com/rc/clk?jk=c7026c0465fe4f69&fccid=d29ddc820620b02e&vjs=3
프론드엔드 개발의 전체 세부 정보,Success Korea,서울 충무로역,https://kr.indeed.com/rc/clk?jk=f3931c92aacd152d&fccid=d29ddc820620b02e&vjs=3
프론트엔드 경력 정규직의 전체 세부 정보,엔버랩스,서울 마포구,https://kr.indeed.com/rc/clk?jk=bac821792ded9fcb&fccid=7b65e233d4a35bbe&vjs=3
10월 Backend 개발 경력 공채의 전체 세부 정보,11번가,서울 남대문로5가,https://kr.indeed.com/rc/clk?jk=1f1726be215da368&fccid=aba8aade58c00c02&vjs=3
프론트엔드 개발자  백엔드 개발자 중의 전체 세부 정보,로드윌,대전광역시,https://kr.indeed.com/rc/clk?jk=adcedcfe93437ce1&fccid=dfbb25d823af0f88&vjs=3
[KR] 리액트 프론트엔드 엔지니어의 전체 세부 정보,올거나이즈코리아,서울 강남구,https://kr.indeed.com/rc/clk?jk=1ff50757b896195b&fccid=707decd4d5b2755e&vjs=3
AI 응용서비스 R&D 기획  개발  운영 인재 (신입/경력)의 전체 세부 정보,가치랩스,안양 만안구,https://kr.indeed.com/rc/clk?jk=58fafdb8d77ada92&fccid=2c37c13a0926862d&vjs=3
[위메프오] 프론트엔드 개발자의 전체 세부 정보,위메프,대한민국,https://kr.indeed.com/rc/clk?jk=862a3e5756435e29&fccid=2f8799a5ef214646&vjs=3
백엔드개발자(JAVA)의 전체 세부 정보,엠서클,서울 삼성동,https://kr.indeed.com/rc/clk?jk=4cafe5c0a5392141&fccid=17e755bdb1dbd573&vjs=3
웹개발(프론트엔드) (양재역)의 전체 세부 정보,시니어앤파트너즈,서울 서초구,https://kr.indeed.com/rc/clk?jk=b94c7aa4b1417611&fccid=59060ddcdf96b101&vjs=3
초고속 로켓에 탑승할 IT 개발 사업 팀원 모집합니다.의 전체 세부 정보,업템포글로벌,서울,https://kr.indeed.com/company/Uptempo-Global/jobs/%EC%B4%88%EA%B3%A0%EC%86%8D-%EB%A1%9C%EC%BC%93%EC%97%90-%ED%83%91%EC%8A%B9%ED%95%A0-IT-%EA%B0%9C%EB%B0%9C-%EC%82%AC%EC%97%85-%ED%8C%80%EC%9B%90-f30ed74d13771e63?fccid=b3393e51f98be4d5&vjs=3
앱/웹 퍼블리싱  온/오프라인 서비스 기획/운영 담당자의 전체 세부 정보,허니엠앤비,안산 단원구,https://kr.indeed.com/rc/clk?jk=2bbee6de9793ef9a&fccid=0f3be38cbde91546&vjs=3
웹프로그래머 모집의 전체 세부 정보,엘앤디시스템,서울 문래동3가,https://kr.indeed.com/rc/clk?jk=83a0c36e925f6d06&fccid=387afb6fdf69c076&vjs=3
배민사장님광장팀 Front-end 개발자의 전체 세부 정보,Success Korea,서울,https://kr.indeed.com/rc/clk?jk=626460d39d5aa016&fccid=d29ddc820620b02e&vjs=3
MVP 개발 엔지니어(서버  웹프론트) (정규직  계약직  프리랜서)의 전체 세부 정보,더테스터,대전 중구,https://kr.indeed.com/rc/clk?jk=1748baa27965fdbf&fccid=948325a69d70601e&vjs=3
React 개발 / 사원급(자동차 부품 제조 대기업)의 전체 세부 정보,유어사이드,성남 분당구,https://kr.indeed.com/rc/clk?jk=09908764b8bb0fbe&fccid=7fbfdab84162f4af&vjs=3
스마트웹 콘텐츠개발자양성 과정 훈련교사 (스프링/리액트 등 가능하신 분)의 전체 세부 정보,제이제이이엔씨,부산 부산진구,https://kr.indeed.com/rc/clk?jk=3bfc23c2d7d8737f&fccid=636cd35be369b069&vjs=3
보험청구 SW개발의 전체 세부 정보,덴티움,수원 영통구,https://kr.indeed.com/rc/clk?jk=93e5b5d16a2ca38f&fccid=b0a4fdd38b0ca73d&vjs=3
JAVA WEB 개발 정규직(경력직)의 전체 세부 정보,엔씨엘,서울 종로구,https://kr.indeed.com/rc/clk?jk=6b8fcd28b128ff59&fccid=aa5493c12d841f7d&vjs=3
여행 좋아하는 경력직(4년 이상) 개발자의 전체 세부 정보,메리홀리데이,서울 강남구,https://kr.indeed.com/rc/clk?jk=5352cf066e6ae2cc&fccid=a42311527da9836f&vjs=3
기간제 직원 채용[행정지원]의 전체 세부 정보,코스콤,서울 여의도,https://kr.indeed.com/rc/clk?jk=252d6d6a0a8da763&fccid=16b4c0cc1c3845a7&vjs=3
자사 신규프로젝트 개발자 (nodejs 백엔드 / Flutter 또는 RN 앱)의 전체 세부 정보,씨아이랩스,고양 일산동구,https://kr.indeed.com/rc/clk?jk=05000c786974141b&fccid=6f2c6c7a7b3b407c&vjs=3
프론트엔드 개발자의 전체 세부 정보,뉴로핏,서울 강남구,https://kr.indeed.com/rc/clk?jk=0f6fcfd695a7d3d2&fccid=23cbc8f59060f439&vjs=3
GC녹십자지놈LIMS팀의 전체 세부 정보,녹십자지놈,용인 기흥구,https://kr.indeed.com/rc/clk?jk=4d6d1f847c6a86f6&fccid=04db861701a301dc&vjs=3
(주)비즈코웍 프론트엔드/백엔드 경력 직원의 전체 세부 정보,비즈코웍,서울 서초구,https://kr.indeed.com/rc/clk?jk=35dcbfae71082cb1&fccid=3b5af77baa8b0a70&vjs=3
Front-end 개발자의 전체 세부 정보,Success Korea,대한민국,https://kr.indeed.com/rc/clk?jk=efb1c2b37dc02d6a&fccid=d29ddc820620b02e&vjs=3
AI 기반 NLP 플랫폼 개발자(프론트엔드)의 전체 세부 정보,Success Korea,서울 선릉역,https://kr.indeed.com/rc/clk?jk=bf715323860c0ca0&fccid=d29ddc820620b02e&vjs=3
오지 백엔드 엔지니어 찾고 있습니다.의 전체 세부 정보,오지,서울 서초구,https://kr.indeed.com/rc/clk?jk=f527f5c918f8a729&fccid=6db94cab58a1fb7d&vjs=3
세이프닥 앱 개발자와 크라우드 소싱 기반 시스템 개발자를 모집합니다.의 전체 세부 정보,세이프닥 관심기업,서울 송파동,https://kr.indeed.com/rc/clk?jk=e242f768401fa4ec&fccid=9a13673140d67563&vjs=3
미리캔버스 프론트엔드 개발자의 전체 세부 정보,미리디,서울 구로구,https://kr.indeed.com/rc/clk?jk=a41df86fe7aca610&fccid=4cb72ca574a6bab7&vjs=3
하이브리드 앱 개발자의 전체 세부 정보,밋잇챗,서울 역삼동,https://kr.indeed.com/rc/clk?jk=ba68cf9c91dc27c0&fccid=f349ec87ae1ec9c5&vjs=3
Procurement Account Manager의 전체 세부 정보,ASML,대한민국,https://kr.indeed.com/rc/clk?jk=f846ea1880fa75a7&fccid=57ed5f0210b0681a&vjs=3
IT분야 경력직 채용의 전체 세부 정보,한솔홈데코,서울 신대방동,https://kr.indeed.com/rc/clk?jk=90a99c0bceae4a49&fccid=a2b38bf4a4aa1958&vjs=3
프론트엔드 시니어 (리더급)의 전체 세부 정보,텐바이텐,서울 종로구,https://kr.indeed.com/rc/clk?jk=a7440f97a1a4b0fb&fccid=06522dc41f0858e7&vjs=3
[타입스] React Native 프론트엔드 개발 (Mid-level 이상  경력 3 - 5 년)의 전체 세부 정보,우트,서울 마포구,https://kr.indeed.com/rc/clk?jk=6f707caf2cad1dfb&fccid=c573c364f354625f&vjs=3
React개발 (Front-End 엔지니어)의 전체 세부 정보,Success Korea,서울 강남구,https://kr.indeed.com/rc/clk?jk=a734ca0573944362&fccid=d29ddc820620b02e&vjs=3
소리보는통로 웹 프론트엔드 개발자 (경력 3년 이상  시 마감)의 전체 세부 정보,소리를보는통로,서울 성수동,https://kr.indeed.com/rc/clk?jk=4704f1a86d645701&fccid=973778cbc198bf08&vjs=3
프론트엔드 개발자 모집의 전체 세부 정보,카룸 관심기업,대한민국,https://kr.indeed.com/rc/clk?jk=43bdfb82d53ba911&fccid=988826bf8a01394b&vjs=3
Program Manager Intern 2023-Global Delivery Operations의 전체 세부 정보,Amazon Services Korea LLC,서울,https://kr.indeed.com/rc/clk?jk=f9ae2c75298f90b4&fccid=fe2d21eef233e94a&vjs=3
[순수본] 웹 개발 경력직 수시 채용의 전체 세부 정보,본그룹,서울 양평동3가,https://kr.indeed.com/rc/clk?jk=02a598743ced1670&fccid=b3e31d0fa0c5b2f0&vjs=3
리액트 네이티브 모바일 앱 개발자의 전체 세부 정보,허그랩,서울 영등포구,https://kr.indeed.com/rc/clk?jk=c0b87732f4d7bbe1&fccid=81d9a1bd7da12033&vjs=3
Front-end Engineer (WMS Front)의 전체 세부 정보,Coupang,서울,https://kr.indeed.com/rc/clk?jk=672dee1c01918020&fccid=56e12959d04ef145&vjs=3
[성수동] 웹개발(프론트 백엔드) (경력)의 전체 세부 정보,시니어앤파트너즈,서울 성동구,https://kr.indeed.com/rc/clk?jk=eb80e2a051fbb24a&fccid=59060ddcdf96b101&vjs=3
[SSG/DATA] 분석플랫폼 웹 개발자 모집의 전체 세부 정보,에스에스지닷컴,서울 회현동,https://kr.indeed.com/rc/clk?jk=1104e4e460301c35&fccid=37667075f56251e4&vjs=3
(주)투게더아트 플랫폼 개발자의 전체 세부 정보,투게더아트,서울 강남구,https://kr.indeed.com/rc/clk?jk=0401183bfb2b43df&fccid=93e7c0f5d07167f6&vjs=3
React Native 엔지니어의 전체 세부 정보,RIDI Corp,서울,https://kr.indeed.com/rc/clk?jk=45cd529289865fba&fccid=ba4215b904dee414&vjs=3
[아이디스홀딩스] 신입/경력 사원 모집의 전체 세부 정보,아이디스,대전 관평동,https://kr.indeed.com/rc/clk?jk=d89635b40a646fb8&fccid=7158cdb877bceb43&vjs=3
[쿠팡SCM] Staff Front-end Engineer (No-code/Low-code)의 전체 세부 정보,Coupang,서울,https://kr.indeed.com/rc/clk?jk=dede9260bda69733&fccid=56e12959d04ef145&vjs=3
프론트 및 백앤드 경력 정규직 [대리/과장]의 전체 세부 정보,hTLM HR,서울 강남구,https://kr.indeed.com/rc/clk?jk=8506e3b3bdc3b0dd&fccid=500eaf9389fd6cac&vjs=3
(주)엘솔루 웹 개발자의 전체 세부 정보,㈜엘솔루,서울,https://kr.indeed.com/rc/clk?jk=2b8b9164243592b6&fccid=35c61db9f1514baf&vjs=3
(주)피타그래프 정보시스템 개발 부문 서울의 전체 세부 정보,피타그래프,서울 강서구,https://kr.indeed.com/rc/clk?jk=5de99e3dbd7e8f58&fccid=c232c1ff01bc06df&vjs=3
서울 강남구 인썸니아 시니어 개발자 및 퍼블리셔의 전체 세부 정보,인썸니아,서울 서초구,https://kr.indeed.com/rc/clk?jk=6c1d50662fa2d7f7&fccid=71bba75c2a7d79a0&vjs=3
React/React Native Developer의 전체 세부 정보,캐스트잼,수원 영통구,https://kr.indeed.com/rc/clk?jk=3878fafc4b891091&fccid=83a37705fcfb5c57&vjs=3
[가산디지털] 프론트엔드 개발자의 전체 세부 정보,시니어앤파트너즈,서울 금천구,https://kr.indeed.com/rc/clk?jk=1a62f35ffe26e833&fccid=59060ddcdf96b101&vjs=3
Cloud 부문의 전체 세부 정보,한화그룹,서울,https://kr.indeed.com/rc/clk?jk=33e59d5e9d10f202&fccid=bd0dc1817223394f&vjs=3
(주)비브이씨  프론트엔드 개발자 (정규직/유연근무제)의 전체 세부 정보,비브이씨,서울 마포구,https://kr.indeed.com/rc/clk?jk=d235f23251ca7052&fccid=1897be4b0dd0ade1&vjs=3
기간제 직원 채용[대외접속업무 개발/운용]의 전체 세부 정보,코스콤,서울 여의도,https://kr.indeed.com/rc/clk?jk=e0acfd7bc1dfe98b&fccid=16b4c0cc1c3845a7&vjs=3
스마트폰 어플리케이션(App)  웹개발 외 경력 정규직의 전체 세부 정보,에이치랩,서울 금천구,https://kr.indeed.com/rc/clk?jk=d89bee33eb6a66b7&fccid=8aeaaa8ca6867ca8&vjs=3
OFA Product Specialist의 전체 세부 정보,Atlas Copco Korea Co.  Ltd.,대한민국,https://kr.indeed.com/rc/clk?jk=bc9ed9283379c577&fccid=69e05d80459e61b8&vjs=3
프론트엔드개발자의 전체 세부 정보,엠서클,서울 삼성동,https://kr.indeed.com/rc/clk?jk=5dd6fdaf61e11692&fccid=17e755bdb1dbd573&vjs=3
[디지털 헬스케어기업] 프론트엔드 개발 (강남)의 전체 세부 정보,제이엔커리어,서울 강남구,https://kr.indeed.com/rc/clk?jk=1d37efc9301fac96&fccid=a3d3d50732b81afe&vjs=3
[글로벌디지털마케팅] 웹퍼블리셔 경력 정규직의 전체 세부 정보,콘센트릭스서비스코리아,서울 용산구,https://kr.indeed.com/rc/clk?jk=1a4fbea7823acbfd&fccid=7789b87d5d996c4a&vjs=3
[아이디스홀딩스] IT부문 대규모 채용의 전체 세부 정보,아이디스,대전 관평동,https://kr.indeed.com/rc/clk?jk=9eb1f275ad854e10&fccid=7158cdb877bceb43&vjs=3
[테크] 데이터 프론트엔드 개발자 경력 모집의 전체 세부 정보,에스에스지닷컴,서울 회현동,https://kr.indeed.com/rc/clk?jk=f70d4b13731fd9f2&fccid=37667075f56251e4&vjs=3
백엔드 개발자의 전체 세부 정보,아토머스,서울 강남구,https://kr.indeed.com/rc/clk?jk=5f997e5a2b15e81d&fccid=660bbb21789ab63d&vjs=3
MLOps Developer의 전체 세부 정보,Success Korea,서울 선릉역,https://kr.indeed.com/rc/clk?jk=7895aeafb4089537&fccid=d29ddc820620b02e&vjs=3
Global Fintech Front-end Engineer의 전체 세부 정보,LINE Plus corporation,대한민국,https://kr.indeed.com/rc/clk?jk=2d83c3ce1b179b9a&fccid=e90e80bc9ed9a53f&vjs=3
프론트엔드 파운트 개발자 (현재 급여 이상 보장)의 전체 세부 정보,파운트,서울 충정로역,https://kr.indeed.com/rc/clk?jk=4a0ddfbfc4a11dd0&fccid=df5e7ec512668ebf&vjs=3
[카카오 클라우드] 클라우드 SaaS 서비스 프론트엔드 개발자 모집의 전체 세부 정보,카카오,성남 판교역,https://kr.indeed.com/rc/clk?jk=7dc539df7c4f8d83&fccid=32b9af632cf3b9f9&vjs=3
온라인 코딩교육 스타트업 Web Full Stack 개발자 3년이상의 전체 세부 정보,그레이프 파트너즈,서울 종로구,https://kr.indeed.com/rc/clk?jk=82b2ff1b7f1200cc&fccid=e4111ad0459bc402&vjs=3
Software Development Engineer  Training & Certification ILT의 전체 세부 정보,Amazon Web Services Korea LLC,서울,https://kr.indeed.com/rc/clk?jk=70bcf50cd3bb825e&fccid=fe2d21eef233e94a&vjs=3
전시 Backend 개발 분야 모집의 전체 세부 정보,11번가,서울 남대문로5가,https://kr.indeed.com/rc/clk?jk=092e1a54dfd9e4ed&fccid=aba8aade58c00c02&vjs=3
Senior Front-end Software Engineer - Korea의 전체 세부 정보,MOLOCO,서울 강남구,https://kr.indeed.com/rc/clk?jk=175db064d469279d&fccid=27317bcae2b26fe5&vjs=3
AI 인공지능 서비스 플랫폼 개발자의 전체 세부 정보,코그넷나인,서울 서초구,https://kr.indeed.com/rc/clk?jk=d4fedbedf819ba56&fccid=015d2bad6d9df969&vjs=3
Global Web Software Engineer (Front-end)의 전체 세부 정보,LINE Plus corporation,대한민국,https://kr.indeed.com/rc/clk?jk=cf5dec160d4c64f8&fccid=e90e80bc9ed9a53f&vjs=3
기술 통해서 문화 만들 수 있는 개발자의 전체 세부 정보,옥토칼럼,대한민국,https://kr.indeed.com/rc/clk?jk=60a950bf1781acbb&fccid=d59a46b975f6213d&vjs=3
업계 상위 연봉 개발직군(iOS/Android/Frontend/Backend) 및 기획직군(PM)의 전체 세부 정보,에스브이,서울 강남구,https://kr.indeed.com/rc/clk?jk=8539d096f25381e1&fccid=de2a99acddedd572&vjs=3
서버 개발자의 전체 세부 정보,휴먼디지털,서울,https://kr.indeed.com/rc/clk?jk=5c9fe564e4c2fa21&fccid=796208c8550d9592&vjs=3
교육서비스부분 인재모집[시스템 개발]의 전체 세부 정보,신세계아이앤씨,서울 회현동,https://kr.indeed.com/rc/clk?jk=8e7edb9bfe8bffb8&fccid=7009e9adee12ff99&vjs=3
드론 데이터 스타트업  엔젤스윙 엔지니어의 전체 세부 정보,엔젤스윙,서울 관악구,https://kr.indeed.com/rc/clk?jk=d017610d9828199c&fccid=f4f62706e6f8a9af&vjs=3
업템포와 함께 혁신 만들어갈 IT 인재 프론트/백엔드  풀스택 개발자/PM의 전체 세부 정보,업템포마케터즈,서울 강남구,https://kr.indeed.com/rc/clk?jk=14db32f1c08d3dba&fccid=f089cf32a9b0721a&vjs=3
[컨설팅] MCS2본부 -연결 회계  관리회계  그룹 경영관리  마이크로소프트 및 IT컨설턴트 채용의 전체 세부 정보,삼정 KPMG,서울 강남구,https://kr.indeed.com/rc/clk?jk=82ce761572e73bd2&fccid=7651bf7c7525e8f6&vjs=3
기간제 직원 채용[매매체결]의 전체 세부 정보,코스콤,서울 여의도,https://kr.indeed.com/rc/clk?jk=ebf7084a9e3fccf3&fccid=16b4c0cc1c3845a7&vjs=3
APP 개발자의 전체 세부 정보,(주)엠마헬스케어 관심기업,성남 야탑동,https://kr.indeed.com/rc/clk?jk=2f2e66ea614ba3fc&fccid=007358e8ed4f5a59&vjs=3
Project Leader (Project Manager) 1 1의 전체 세부 정보,Edwards Korea Ltd,충청남도 천안,https://kr.indeed.com/rc/clk?jk=a2450f4292ddf63c&fccid=5ea45583d6e2743c&vjs=3
[엘케이시스]솔루션개발부 정규직(신입 & 경력) 사원의 전체 세부 정보,엘케이시스,서울 문래동5가,https://kr.indeed.com/rc/clk?jk=1f13edcc07923ea4&fccid=60beb6c821640a02&vjs=3
[정규직] 웹 개발자 (프론트 엔드  풀스택)의 전체 세부 정보,주식회사카이팜 관심기업,서울 신촌동,https://kr.indeed.com/rc/clk?jk=adb810c45233628b&fccid=12165a812008ecdc&vjs=3
Senior Consultant Engineer for Advanced Process Modelling Wo...의 전체 세부 정보,Process Systems Enterprise Limited,대전,https://kr.indeed.com/rc/clk?jk=2fbc3ee06b32977a&fccid=ac3c7623f776b3c8&vjs=3
Web 개발/운영 부문 인재모집의 전체 세부 정보,신세계아이앤씨,서울 회현동,https://kr.indeed.com/rc/clk?jk=c6fca10f4ecf0f19&fccid=7009e9adee12ff99&vjs=3
2021년 상반기 R&D 개발자 (병역특례 가능/경력 무관)의 전체 세부 정보,네오스텍,인천 연수구,https://kr.indeed.com/rc/clk?jk=754be9e3d78fa802&fccid=6ec20471817e2f20&vjs=3
Cloud(개발)분야 신입사원 채용의 전체 세부 정보,GS네오텍,서울 구로동,https://kr.indeed.com/rc/clk?jk=8bcb7ca6e6b475e7&fccid=917c1871760632f2&vjs=3
기간제 직원 채용[KRX 시장시스템 인프라 운영]의 전체 세부 정보,코스콤,서울 여의도,https://kr.indeed.com/rc/clk?jk=8a38be33ef311146&fccid=16b4c0cc1c3845a7&vjs=3
민트팟 개발팀 직원의 전체 세부 정보,민트팟,서울 서초구,https://kr.indeed.com/rc/clk?jk=4e8a928aec4c8aaf&fccid=8ccf12dd65544365&vjs=3
솔루션개발 수시 채용의 전체 세부 정보,한미헬스케어,서울 방이동,https://kr.indeed.com/rc/clk?jk=a170a94d090ac627&fccid=d9c94f076a79d8ee&vjs=3
[IT운영팀] Frontend 개발자 Junior  Senior 경력채용의 전체 세부 정보,한화그룹,서울,https://kr.indeed.com/rc/clk?jk=ddb3fb67ebf12a36&fccid=bd0dc1817223394f&vjs=3
[Logistics platform] 백엔드 개발자 & 기획자 모집의 전체 세부 정보,에스에스지닷컴,서울 회현동,https://kr.indeed.com/rc/clk?jk=2dd23ce1d6028554&fccid=37667075f56251e4&vjs=3
웹 프로그래머 충원의 전체 세부 정보,네오비젼,서울 영등포구,https://kr.indeed.com/rc/clk?jk=28f6baf63658ed26&fccid=d2c0d20d4ebe736e&vjs=3
Web Frontend 개발의 전체 세부 정보,Success Korea,서울,https://kr.indeed.com/rc/clk?jk=1b5de2ed0b991b71&fccid=d29ddc820620b02e&vjs=3
[경력] 자체 플랫폼(MADP Push UMS 등) 기반 프로젝트 수행 개발 인력 (PM/PL/개발)의 전체 세부 정보,유라클,서울 강남구,https://kr.indeed.com/rc/clk?jk=a5114448130aab95&fccid=e35b5a3f2ea6df2d&vjs=3
프론트엔드/백엔드 개발 직원 의 건의 전체 세부 정보,비즈코웍,서울 서초구,https://kr.indeed.com/rc/clk?jk=2f64f69afe83a16e&fccid=3b5af77baa8b0a70&vjs=3
웹프론트엔드개발 경력 정규직의 전체 세부 정보,아이디엔디,서울 강남구,https://kr.indeed.com/rc/clk?jk=650d3bd94f998d19&fccid=64c8d7973bb1fdde&vjs=3
제품개발자의 전체 세부 정보,Success Korea,서울 논현동,https://kr.indeed.com/rc/clk?jk=6878fe79c5a08d19&fccid=d29ddc820620b02e&vjs=3
ACM Tech Manager의 전체 세부 정보,CSK Inc.,경기도 용인,https://kr.indeed.com/rc/clk?jk=6a32e996032713d6&fccid=d34daa3a2ccb4e8b&vjs=3
사업 확장 개발 및 디자인의 전체 세부 정보,랭킹볼코리아,서울 강남구,https://kr.indeed.com/rc/clk?jk=da329a3cb84cc64c&fccid=cd9ca09907f0d9ed&vjs=3
리액트 개발자의 전체 세부 정보,이지트러스트,대한민국,https://kr.indeed.com/rc/clk?jk=c5c7838335383ff8&fccid=df410897b34f609a&vjs=3
프론트엔드 엔지니어의 전체 세부 정보,RIDI Corp,서울,https://kr.indeed.com/rc/clk?jk=62af36a05bc74378&fccid=ba4215b904dee414&vjs=3
웹 앱 개발 직원 구인의 전체 세부 정보,링크캠퍼스,광주 서석동,https://kr.indeed.com/rc/clk?jk=c5fd25babd01f3e1&fccid=89d494f1287eb583&vjs=3
개발 신입/경력 공개채용의 전체 세부 정보,코난테크놀로지,서울 역삼동,https://kr.indeed.com/rc/clk?jk=574b1c9a7023a80e&fccid=89684d566fa8a7b9&vjs=3
[협업툴] Front-End 개발(javascript  React.js  React Native 중  하나)의 전체 세부 정보,콜라비팀,서울 강남구,https://kr.indeed.com/rc/clk?jk=04bfd9f54ac86232&fccid=33a3126ff5d1df70&vjs=3
CTO 영입의 전체 세부 정보,투이 컨설팅,대한민국,https://kr.indeed.com/rc/clk?jk=9cfa77d3af687ca2&fccid=d419a5149f49c794&vjs=3
Klip Drops - Web Service Development의 전체 세부 정보,Success Korea,서울,https://kr.indeed.com/rc/clk?jk=f5fed09a6ebdaff2&fccid=d29ddc820620b02e&vjs=3
전시 Backend 개발 모집의 전체 세부 정보,11번가,서울 남대문로5가,https://kr.indeed.com/rc/clk?jk=b02303b46366628a&fccid=aba8aade58c00c02&vjs=3
Lead Engineer의 전체 세부 정보,CSK Inc.,경기도 용인,https://kr.indeed.com/rc/clk?jk=96eefdc96f76235b&fccid=d34daa3a2ccb4e8b&vjs=3
[위메프서비스] 프론트엔드 개발자의 전체 세부 정보,위메프,대한민국,https://kr.indeed.com/rc/clk?jk=cd4215f2e3c50f03&fccid=2f8799a5ef214646&vjs=3
검색관리도구 Engineer 모집의 전체 세부 정보,11번가,서울 남대문로5가,https://kr.indeed.com/rc/clk?jk=f301275cda4b6c34&fccid=aba8aade58c00c02&vjs=3
프론트엔드의 전체 세부 정보,Success Korea,서울 선릉역,https://kr.indeed.com/rc/clk?jk=3fdb3313faee912d&fccid=d29ddc820620b02e&vjs=3
Klip - Sr. Frontend Development의 전체 세부 정보,Success Korea,서울,https://kr.indeed.com/rc/clk?jk=af2cfbf10cee0902&fccid=d29ddc820620b02e&vjs=3
[EY한영] 세무본부 PAS팀 IT 개발 담당 계약직 채용의 전체 세부 정보,EY,서울 영등포구,https://kr.indeed.com/rc/clk?jk=834c7b3ef1e26098&fccid=1544766d4c2915b0&vjs=3
백엔드 개발 정규직 경력사원(5년 이하)의 전체 세부 정보,포티투마루,서울 관악구,https://kr.indeed.com/rc/clk?jk=e156570e477aea13&fccid=b6cebf2e7d619f07&vjs=3
Klaytn 블록체인 플랫폼의 클라우드 서비스(KAS) - Frontend 개발자의 전체 세부 정보,Success Korea,서울,https://kr.indeed.com/rc/clk?jk=ad17adb988096757&fccid=d29ddc820620b02e&vjs=3
기간제 직원 채용[Front 개발]의 전체 세부 정보,코스콤,서울 여의도,https://kr.indeed.com/rc/clk?jk=77207b97427a68a0&fccid=16b4c0cc1c3845a7&vjs=3
3월 Backend 개발 경력 공채의 전체 세부 정보,11번가,서울 남대문로5가,https://kr.indeed.com/rc/clk?jk=c60616007a3ca737&fccid=aba8aade58c00c02&vjs=3
웹 디자이너 / 서비스 엔지니어 ( PHP 및 웹서비스 개발자 )의 전체 세부 정보,에스비씨엔,서울 영등포구,https://kr.indeed.com/rc/clk?jk=109be79a3d9a412a&fccid=7c743c071619900d&vjs=3
[KR] 시니어 리액트 프론트엔드 엔지니어(경력 5년 이상)의 전체 세부 정보,올거나이즈코리아,서울 강남구,https://kr.indeed.com/rc/clk?jk=e56dba3165545d12&fccid=707decd4d5b2755e&vjs=3
웹 서비스 엔지니어 ( 주식정보 제공 시스템 )의 전체 세부 정보,에스비씨엔,서울 영등포구,https://kr.indeed.com/rc/clk?jk=92cb75f8d7457374&fccid=7c743c071619900d&vjs=3
프론트엔드 개발자의 전체 세부 정보,엘리스,서울 강남구,https://kr.indeed.com/rc/clk?jk=a0c065f80e75d855&fccid=b00d4b329a5fe2ac&vjs=3
기간제 직원 채용[기반기술]의 전체 세부 정보,코스콤,서울 여의도,https://kr.indeed.com/rc/clk?jk=5c28f29e380d2199&fccid=16b4c0cc1c3845a7&vjs=3
주니어 웹 프론트엔드 개발자의 전체 세부 정보,키튼플래닛(주) 관심기업,용인 동천동,https://kr.indeed.com/rc/clk?jk=eb79bb3959ab0cc8&fccid=09d9cc4471502446&vjs=3
기간제 직원 채용[자산관리]의 전체 세부 정보,코스콤,서울 여의도,https://kr.indeed.com/rc/clk?jk=4239e0b0801162d2&fccid=16b4c0cc1c3845a7&vjs=3
기간제 직원 채용[총무]의 전체 세부 정보,코스콤,서울 여의도,https://kr.indeed.com/rc/clk?jk=1e2f0ffe5f04d823&fccid=16b4c0cc1c3845a7&vjs=3
기간제 직원 채용[웹 디자이너]의 전체 세부 정보,코스콤,서울 여의도,https://kr.indeed.com/rc/clk?jk=bb895c77610e57d0&fccid=16b4c0cc1c3845a7&vjs=3
기간제 직원 채용[웹 디자이너]의 전체 세부 정보,코스콤,서울 여의도,https://kr.indeed.com/rc/clk?jk=bb895c77610e57d0&fccid=16b4c0cc1c3845a7&vjs=3
Kaikas - Frontend Development의 전체 세부 정보,Success Korea,서울,https://kr.indeed.com/rc/clk?jk=c6bf624aa1e660cb&fccid=d29ddc820620b02e&vjs=3
NFT_Marketplace Web Front-end Developer의 전체 세부 정보,Success Korea,서울,https://kr.indeed.com/rc/clk?jk=76f54e9a2532edf4&fccid=d29ddc820620b02e&vjs=3
[개발자] 모비데이즈 웹퍼블리셔 경력직 채용의 전체 세부 정보,Mobidays,서울특별시,https://kr.indeed.com/rc/clk?jk=d74dff090d007aac&fccid=acd3976162a993e4&vjs=3
Cloud개발 경력 채용의 전체 세부 정보,한화테크윈,성남 삼평동,https://kr.indeed.com/rc/clk?jk=b73fdb80092baa79&fccid=41ab825ad0dacc35&vjs=3
오픈소스 관리 서비스(Olive Platform) 개발자 모집의 전체 세부 정보,카카오,성남 판교역,https://kr.indeed.com/rc/clk?jk=6118ad0bda554908&fccid=32b9af632cf3b9f9&vjs=3
비영리법인(인원:100명  서울 서초구 소재(교대역인근)) IT개발자 경력 건 (총 6명)의 전체 세부 정보,에이스파트너스서치펌,서울 서초구,https://kr.indeed.com/rc/clk?jk=95e2dd4ed7eb0d04&fccid=be617507d5c823af&vjs=3
DevOps의 전체 세부 정보,Success Korea,서울,https://kr.indeed.com/rc/clk?jk=cfe4d0e0ff292d15&fccid=d29ddc820620b02e&vjs=3
[모두의기술] 경영 업무 시스템 개발 및 운영 담당자의 전체 세부 정보,카카오뱅크,성남 삼평동,https://kr.indeed.com/rc/clk?jk=3ac1926e4f9c4a98&fccid=a8ac43179956a6aa&vjs=3
링크샵스 웹 프론트(Frontend) 개발 및 유지보수 담당의 전체 세부 정보,링크샵스,서울 중구,https://kr.indeed.com/rc/clk?jk=decec2d630da2a63&fccid=18e7053874dae63c&vjs=3
기간제 직원 채용[모바일 화면기획]의 전체 세부 정보,코스콤,서울 여의도,https://kr.indeed.com/rc/clk?jk=1a833f59d0a2b3fa&fccid=16b4c0cc1c3845a7&vjs=3
200만 팔레토 개발사 프론트엔드 개발요원의 전체 세부 정보,앤드,서울 구로동,https://kr.indeed.com/rc/clk?jk=103ba7e9cbf251d5&fccid=8b47ff354964fc1b&vjs=3
풀스택 개발자의 전체 세부 정보,아트스피치앤커뮤니케이션,서울 마포구,https://kr.indeed.com/rc/clk?jk=77daad1c1f080cb1&fccid=0bd6cf3d89db248b&vjs=3
Software Development Engineer - Customer Success의 전체 세부 정보,Twitch,서울,https://kr.indeed.com/rc/clk?jk=99564aea50d99612&fccid=e21f6affbb4bb0b2&vjs=3
신사업 경력직 채용[IT 플랫폼]의 전체 세부 정보,현대글로비스,서울 역삼동,https://kr.indeed.com/rc/clk?jk=bb277e354c37a6bb&fccid=06f8a9b3dac2a5e3&vjs=3
Server Programming 백엔드 개발자의 전체 세부 정보,회사명,경기도 성남,https://kr.indeed.com/rc/clk?jk=31ea12a7c5ce6f7b&fccid=a6a2cb60b8f19368&vjs=3
솔루션/소프트웨어 개발자의 전체 세부 정보,Success Korea,서울 역삼동,https://kr.indeed.com/rc/clk?jk=4bad3d238967a9b0&fccid=d29ddc820620b02e&vjs=3
포토몬 웹개발자(ASP  PHP) 채용의 전체 세부 정보,메이비원(주) 관심기업,서울 마곡동,https://kr.indeed.com/rc/clk?jk=26d167443dced9de&fccid=64fe4b3bee3a0978&vjs=3
7월 Backend 개발 분야 모집의 전체 세부 정보,11번가,서울 남대문로5가,https://kr.indeed.com/rc/clk?jk=d0c91398e5e0342b&fccid=aba8aade58c00c02&vjs=3
Backend 서비스 개발 분야 모집의 전체 세부 정보,11번가,서울 남대문로5가,https://kr.indeed.com/rc/clk?jk=1bedef2eede4ba15&fccid=aba8aade58c00c02&vjs=3
유망 영상 컨텐츠 플랫폼 기업 - [신규프로젝트] 웹프론트 개발자의 전체 세부 정보,인코리아 프로페셔널,서울 서초구,https://kr.indeed.com/rc/clk?jk=afe239373e006be5&fccid=842365965c1f45a0&vjs=3
프론트엔드웹퍼블리셔의 전체 세부 정보,엠서클,서울 삼성동,https://kr.indeed.com/rc/clk?jk=fe8e7eb4cc5b4bf5&fccid=17e755bdb1dbd573&vjs=3
웹 프론트엔드 개발자의 전체 세부 정보,프루팅,서울 서초구,https://kr.indeed.com/rc/clk?jk=f3814da45c7f7954&fccid=b9e07afb18613786&vjs=3
시니어 프론트엔드 개발자의 전체 세부 정보,Success Korea,서울 송파구,https://kr.indeed.com/rc/clk?jk=4af38a4f92d97fc8&fccid=d29ddc820620b02e&vjs=3
Web Frontend Engineer(전직/보충역 산업기능요원 가능)의 전체 세부 정보,Success Korea,서울,https://kr.indeed.com/rc/clk?jk=8a66d5524fc43573&fccid=d29ddc820620b02e&vjs=3
React Native App 시니어 개발자의 전체 세부 정보,Success Korea,서울,https://kr.indeed.com/rc/clk?jk=e57c88191cfc79fc&fccid=d29ddc820620b02e&vjs=3
제어설계 부문 공개채용의 전체 세부 정보,에스에프에이,화성 동탄면,https://kr.indeed.com/rc/clk?jk=dbe6b46301518e96&fccid=3fa03a9cab27a7ee&vjs=3
MYOWN 웹 풀스택 개발자 (Lead 개발자)의 전체 세부 정보,마이온컴퍼니,서울 강남구,https://kr.indeed.com/rc/clk?jk=6d242a9d8e682495&fccid=51cd945eb0c00aa7&vjs=3
Frontend Engineer (Platform)의 전체 세부 정보,Superb AI,서울,https://kr.indeed.com/rc/clk?jk=156901124c912cf6&fccid=2ce7b49b3fdddbb1&vjs=3
Pyoshi/Lead Developer 표시 테크놀로지스 개발 리더의 전체 세부 정보,표시 테크놀로지스,서울 강남구,https://kr.indeed.com/rc/clk?jk=8cc83c4f9790a0c0&fccid=b5c8473027fbcdb8&vjs=3
기간제 직원 채용[CHECK 하이브리드 플랫폼 개발]의 전체 세부 정보,코스콤,서울 여의도,https://kr.indeed.com/rc/clk?jk=729ddd11cfd08ee5&fccid=16b4c0cc1c3845a7&vjs=3
프론트엔드 개발자 (스마트프런트팀)의 전체 세부 정보,야놀자,서울 강남구,https://kr.indeed.com/rc/clk?jk=85b633432fdc315d&fccid=73fe623ec23ed0a5&vjs=3
[개발자] 모비데이즈 프론트엔드 개발자 경력직 채용의 전체 세부 정보,Mobidays,서울특별시,https://kr.indeed.com/rc/clk?jk=115c46e0d1df11d8&fccid=acd3976162a993e4&vjs=3
프론트엔드 엔지니어 (웹 퍼블리셔)의 전체 세부 정보,주식회사 세이브앤코 관심기업,서울 신사동,https://kr.indeed.com/rc/clk?jk=fe4a032d6ed06615&fccid=a54ae361226a74bd&vjs=3
원격의료 성병검사 서비스 cheKIT(체킷) 프론트엔드 개발자 채용의 전체 세부 정보,(주)쓰리제이 관심기업,서울 공덕동,https://kr.indeed.com/rc/clk?jk=806c3dee5af1ca46&fccid=64c4d60c8e9bbbb8&vjs=3
Klip Drops - Mobile App Development의 전체 세부 정보,Success Korea,서울,https://kr.indeed.com/rc/clk?jk=6d637c7abaeb775e&fccid=d29ddc820620b02e&vjs=3
Web Graphics Engineer (Alternative Military Service_전문연구요원)의 전체 세부 정보,CLO Virtual Fashion,서울,https://kr.indeed.com/rc/clk?jk=cd9ee88b66fd053e&fccid=dca5e8b8952213a9&vjs=3
신사업 경력직 채용[EV배터리사업]의 전체 세부 정보,현대글로비스,서울 역삼동,https://kr.indeed.com/rc/clk?jk=3a2fc42f2b806e17&fccid=06f8a9b3dac2a5e3&vjs=3
[텐일레븐] 2021 경력 개발자의 전체 세부 정보,텐일레븐,서울 마포구,https://kr.indeed.com/rc/clk?jk=55cc45f4277a3f6a&fccid=0f5d2b7ae2acaa89&vjs=3
웹디자이너/프런트개발자분 (이커머스 스타트업)의 전체 세부 정보,더블아이즈,서울 용산구,https://kr.indeed.com/rc/clk?jk=9521fbf0adbf1536&fccid=77cad0bfb49173f9&vjs=3
MKYU 풀스택 개발자의 전체 세부 정보,아트스피치앤커뮤니케이션,서울 마포구,https://kr.indeed.com/rc/clk?jk=4e8496b81a90d451&fccid=0bd6cf3d89db248b&vjs=3
블록체인 플랫폼 - 백엔드 개발자 (Backend)의 전체 세부 정보,디앤에스에버,서울 강남구,https://kr.indeed.com/rc/clk?jk=3e0afb318b0c3b71&fccid=e1e73416cfe7c852&vjs=3
Senior Frontend Engineer의 전체 세부 정보,Superb AI,서울,https://kr.indeed.com/rc/clk?jk=5ab37cacd20a0dff&fccid=2ce7b49b3fdddbb1&vjs=3
개발자(백엔드)의 전체 세부 정보,레이즈지엘에스,서울 서초동,https://kr.indeed.com/rc/clk?jk=e8e60d7b06fd0aa0&fccid=2df813faf0d503c5&vjs=3
궁합보고 개발자의 전체 세부 정보,마이핏,서울 동작구,https://kr.indeed.com/rc/clk?jk=ab495f152c9d7e45&fccid=40686c91e14a8380&vjs=3
루티너리 RN 개발자 전세계 50만 명의 일상 바꿉니다의 전체 세부 정보,루티너리,서울 서초구,https://kr.indeed.com/rc/clk?jk=ba56c6b23e59a8c8&fccid=e0f0b7213f1a4162&vjs=3
(주)작당모의 모바일 앱 개발자(리액트/리액트네이티브)의 전체 세부 정보,주식회사 작당모의 관심기업,서울 신당동,https://kr.indeed.com/rc/clk?jk=214727c280fbba55&fccid=5792f120e5896741&vjs=3
Senior Customer Success Engineer의 전체 세부 정보,Twitch,서울,https://kr.indeed.com/rc/clk?jk=971c7788eb29e086&fccid=e21f6affbb4bb0b2&vjs=3
국내 유명 플랫폼 기업 - 모바일앱 개발 경력자(대리과장급)의 전체 세부 정보,라피플코리아리미티드,서울,https://kr.indeed.com/rc/clk?jk=9005a62f3f263eb2&fccid=28f5722fca6f5b12&vjs=3
Software Engineer Frontend의 전체 세부 정보,트릿지,서울 방배동,https://kr.indeed.com/rc/clk?jk=81a8f57d42d40e54&fccid=3de9f8561145bb08&vjs=3
21년 피타그래프 개발 부문(경력)의 전체 세부 정보,피타그래프,서울 강서구,https://kr.indeed.com/rc/clk?jk=97616f272c79f0b5&fccid=c232c1ff01bc06df&vjs=3
블록체인 플랫폼 - 프론트엔드 개발자 (Frontend)의 전체 세부 정보,디앤에스에버,서울 강남구,https://kr.indeed.com/rc/clk?jk=99fa93639531fb41&fccid=e1e73416cfe7c852&vjs=3
Software Engineer  Frontend(프론트엔드 엔지니어  서울)의 전체 세부 정보,LVIS,서울,https://kr.indeed.com/rc/clk?jk=accfc2ec8ce79e18&fccid=4cdddccbee3cd15b&vjs=3
신사업 경력직 채용[자율주행 로봇 배송]의 전체 세부 정보,현대글로비스,서울 역삼동,https://kr.indeed.com/rc/clk?jk=2a68eee0ea665bf5&fccid=06f8a9b3dac2a5e3&vjs=3
누구나 쉽게 부동산 직거래 피터팬 좋은방 구하기 프론트엔드 개발자의 전체 세부 정보,두꺼비세상,서울 구로동,https://kr.indeed.com/rc/clk?jk=975259dc9b8525c4&fccid=ea12090191e73594&vjs=3
Senior Staff Mobile Engineer (Coupang Eats)의 전체 세부 정보,Coupang,서울,https://kr.indeed.com/rc/clk?jk=bd68035611f3e882&fccid=56e12959d04ef145&vjs=3
Sr Principal Software Engineer - HSV의 전체 세부 정보,Cadence Design Systems,경기도,https://kr.indeed.com/rc/clk?jk=ff4c6872957d2eeb&fccid=391006290e845887&vjs=3
크라우드웍스 개발 & 데이터 PM직군 경력직의 전체 세부 정보,크라우드웍스,서울 강남구,https://kr.indeed.com/rc/clk?jk=bb7b914f3d96b5c3&fccid=a4d8989a0ef28313&vjs=3
풀스택 엔지니어의 전체 세부 정보,RIDI Corp,서울,https://kr.indeed.com/rc/clk?jk=2525ca630ecc7f36&fccid=ba4215b904dee414&vjs=3
Senior Consultant Engineer for Advanced Process Modelling Wo...의 전체 세부 정보,Siemens,대전,https://kr.indeed.com/rc/clk?jk=f8797af2d7889075&fccid=ea6bb53f0b18b8f2&vjs=3
iOS 엔지니어의 전체 세부 정보,RIDI Corp,서울,https://kr.indeed.com/rc/clk?jk=a79a9ae2727ce5d3&fccid=ba4215b904dee414&vjs=3
엘리스 소프트웨어 교육자 인재풀 등록의 전체 세부 정보,엘리스,서울 강남구,https://kr.indeed.com/rc/clk?jk=59b4b413b7114e86&fccid=b00d4b329a5fe2ac&vjs=3
프론트엔드 개발자의 전체 세부 정보,Success Korea,서울 강남구,https://kr.indeed.com/rc/clk?jk=01c5d9e0a8f44bea&fccid=d29ddc820620b02e&vjs=3
Electron 앱 엔지니어의 전체 세부 정보,RIDI Corp,서울,https://kr.indeed.com/rc/clk?jk=bafa8a64a278101e&fccid=ba4215b904dee414&vjs=3
안드로이드 엔지니어의 전체 세부 정보,RIDI Corp,서울,https://kr.indeed.com/rc/clk?jk=d8621773859fb180&fccid=ba4215b904dee414&vjs=3
Senior React Developers for a Mass-Market SaaS Product,OnTheGoSystems,Europe Only/UK Only/EMEA Only/Africa Only,https://weworkremotely.com//remote-jobs/onthegosystems-senior-react-developers-for-a-mass-market-saas-product
Senior Open Source Developer & DevOps (Python  Django  React  AWS/OpenStack),OpenCraft,Anywhere in the World,https://weworkremotely.com//remote-jobs/opencraft-senior-open-source-developer-devops-python-django-react-aws-openstack
Senior RoR / React developer for a Mass-Market SaaS Product,OnTheGoSystems,Europe Only/UK Only/EMEA Only/Africa Only,https://weworkremotely.com//remote-jobs/onthegosystems-senior-ror-react-developer-for-a-mass-market-saas-product
Node + React Developer - Javascript Fullstack,Clevertech,Anywhere in the World,https://weworkremotely.com//remote-jobs/clevertech-node-react-developer-javascript-fullstack
Senior Full Stack (Rails/React) Engineer,Brightline Health,USA Only,https://weworkremotely.com//remote-jobs/brightline-health-senior-full-stack-rails-react-engineer
Full stack Javascript Developer (React.js + Node.js),UpStack Technologies  Inc.,Latin America Only/Europe Only,https://weworkremotely.com//remote-jobs/upstack-technologies-inc-full-stack-javascript-developer-react-js-node-js
Frontend Engineer (ES8/React/Redux/Saga) ,Files.com,USA Only,https://weworkremotely.com//remote-jobs/files-com-frontend-engineer-es8-react-redux-saga
Senior Rails + React Engineer to help fight evil,Simplero,Anywhere in the World,https://weworkremotely.com//remote-jobs/simplero-senior-rails-react-engineer-to-help-fight-evil
Principal React Native Developer (Fully Remote  US only),G2i Inc.,USA Only,https://weworkremotely.com//remote-jobs/g2i-inc-principal-react-native-developer-fully-remote-us-only
Full Stack React Web Developers,silverorange,Canada Only,https://weworkremotely.com//remote-jobs/silverorange-full-stack-react-web-developers
Full-stack Developer (React/Node),Lemon.io,Latin America Only/Europe Only,https://weworkremotely.com//remote-jobs/lemon-io-full-stack-developer-react-node-1
Full-Stack / Frontend Engineer - React / Ruby,TimeZest,Anywhere in the World,https://weworkremotely.com//remote-jobs/timezest-full-stack-frontend-engineer-react-ruby-1
Senior Front-End Engineer (Node.js/React),Crowdcast,Anywhere in the World,https://weworkremotely.com//remote-jobs/crowdcast-senior-front-end-engineer-node-js-react
Senior Javascript Engineer - React ,Clevertech,Anywhere in the World,https://weworkremotely.com//remote-jobs/clevertech-senior-javascript-engineer-react-7
Senior Frontend Engineer ? React ? EU remote or relocation to Berlin,Feather,Europe Only,https://weworkremotely.com//remote-jobs/feather-senior-frontend-engineer-react-eu-remote-or-relocation-to-berlin
React.js Software Developer - Remote,UpStack Technologies  Inc.,Americas Only/Europe Only,https://weworkremotely.com//remote-jobs/upstack-technologies-inc-react-js-software-developer-remote
Senior React Developer,Toptal,Anywhere in the World,https://weworkremotely.com//remote-jobs/toptal-senior-react-developer
Senior React Native Developer,Toptal,Anywhere in the World,https://weworkremotely.com//remote-jobs/toptal-senior-react-native-developer-1
Mid-Senior or Senior React Developer,G2i Inc.,Americas Only/Europe Only,https://weworkremotely.com//remote-jobs/g2i-inc-mid-senior-or-senior-react-developer
Senior Frontend / React Engineer,Rekursive Labs,Anywhere in the World,https://weworkremotely.com//remote-jobs/rekursive-labs-senior-frontend-react-engineer
React & React Native Developer,Lemon.io,Latin America Only/Europe Only,https://weworkremotely.com//remote-jobs/lemon-io-react-react-native-developer
Senior React Developer,G2i Inc.,Americas Only/Europe Only,https://weworkremotely.com//remote-jobs/g2i-inc-senior-react-developer
Mobile Engineer  React Native,Trustworthy,Anywhere in the World,https://weworkremotely.com//remote-jobs/trustworthy-mobile-engineer-react-native-1
Senior Front-End React Native Engineer,Maharishi Foundation International,Anywhere in the World,https://weworkremotely.com//remote-jobs/maharishi-foundation-international-senior-front-end-react-native-engineer-3
React Native Lead Developer,Create Ape  inc.,Anywhere in the World,https://weworkremotely.com//remote-jobs/create-ape-inc-react-native-lead-developer
React Software Engineer,BuildBook,North America Only,https://weworkremotely.com//remote-jobs/buildbook-react-software-engineer
Senior Front End Developer (React),Cavallo,USA Only,https://weworkremotely.com//remote-jobs/cavallo-senior-front-end-developer-react
ReactJS Web Developer - Remote/SaaS (m/f/d),SocialHub,EMEA Only,https://weworkremotely.com//remote-jobs/socialhub-reactjs-web-developer-remote-saas-m-f-d-1
Senior or Staff Frontend Engineer - React (100% Remote),Close,Americas Only,https://weworkremotely.com//remote-jobs/close-senior-or-staff-frontend-engineer-react-100-remote
